CREATE DATABASE  IF NOT EXISTS `scheduet` /*!40100 DEFAULT CHARACTER SET utf8mb4 COLLATE utf8mb4_0900_ai_ci */ /*!80016 DEFAULT ENCRYPTION='N' */;
USE `scheduet`;
-- MySQL dump 10.13  Distrib 8.0.34, for Win64 (x86_64)
--
-- Host: localhost    Database: scheduet
-- ------------------------------------------------------
-- Server version	8.1.0

/*!40101 SET @OLD_CHARACTER_SET_CLIENT=@@CHARACTER_SET_CLIENT */;
/*!40101 SET @OLD_CHARACTER_SET_RESULTS=@@CHARACTER_SET_RESULTS */;
/*!40101 SET @OLD_COLLATION_CONNECTION=@@COLLATION_CONNECTION */;
/*!50503 SET NAMES utf8 */;
/*!40103 SET @OLD_TIME_ZONE=@@TIME_ZONE */;
/*!40103 SET TIME_ZONE='+00:00' */;
/*!40014 SET @OLD_UNIQUE_CHECKS=@@UNIQUE_CHECKS, UNIQUE_CHECKS=0 */;
/*!40014 SET @OLD_FOREIGN_KEY_CHECKS=@@FOREIGN_KEY_CHECKS, FOREIGN_KEY_CHECKS=0 */;
/*!40101 SET @OLD_SQL_MODE=@@SQL_MODE, SQL_MODE='NO_AUTO_VALUE_ON_ZERO' */;
/*!40111 SET @OLD_SQL_NOTES=@@SQL_NOTES, SQL_NOTES=0 */;

--
-- Table structure for table `accounts`
--

DROP TABLE IF EXISTS `accounts`;
/*!40101 SET @saved_cs_client     = @@character_set_client */;
/*!50503 SET character_set_client = utf8mb4 */;
CREATE TABLE `accounts` (
  `userID` varchar(10) NOT NULL,
  `password` varchar(45) NOT NULL,
  `isAdmin` tinyint NOT NULL,
  PRIMARY KEY (`userID`)
) ENGINE=InnoDB DEFAULT CHARSET=utf8mb4 COLLATE=utf8mb4_0900_ai_ci;
/*!40101 SET character_set_client = @saved_cs_client */;

--
-- Dumping data for table `accounts`
--

LOCK TABLES `accounts` WRITE;
/*!40000 ALTER TABLE `accounts` DISABLE KEYS */;
INSERT INTO `accounts` VALUES ('17021088','matkhau',0),('17021199','matkhau',0),('17021248','matkhau',0),('18020024','matkhau',0),('18020070','matkhau',0),('18020199','matkhau',0),('18020319','matkhau',0),('18020399','matkhau',0),('18020669','matkhau',0),('18020682','matkhau',0),('18020856','matkhau',0),('18020950','matkhau',0),('18021348','matkhau',0),('19020075','matkhau',0),('19020085','matkhau',0),('19020103','matkhau',0),('19020247','matkhau',0),('19020252','matkhau',0),('19020330','matkhau',0),('19020339','matkhau',0),('19020360','matkhau',0),('19020401','matkhau',0),('19020402','matkhau',0),('19020426','matkhau',0),('19020435','matkhau',0),('19020438','matkhau',0),('19021225','matkhau',0),('19021272','matkhau',0),('19021322','matkhau',0),('19021326','matkhau',0),('19021355','matkhau',0),('19021374','matkhau',0),('19021551','matkhau',0),('20020016','matkhau',0),('20020027','matkhau',0),('20020046','matkhau',0),('20020075','matkhau',0),('20020096','matkhau',0),('20020104','matkhau',0),('20020120','matkhau',0),('20020134','matkhau',0),('20020136','matkhau',0),('20020139','matkhau',0),('20020148','matkhau',0),('20020152','matkhau',0),('20020154','matkhau',0),('20020190','matkhau',0),('20020191','matkhau',0),('20020218','matkhau',0),('20020254','matkhau',0),('20020277','matkhau',0),('20020283','matkhau',0),('20020286','matkhau',0),('20020291','matkhau',0),('20020299','matkhau',0),('20020308','matkhau',0),('20020313','matkhau',0),('20020325','matkhau',0),('20020342','matkhau',0),('20020354','matkhau',0),('20020360','matkhau',0),('20020365','matkhau',0),('20020369','matkhau',0),('20020382','matkhau',0),('20020389','matkhau',0),('20020390','matkhau',0),('20020403','matkhau',0),('20020424','matkhau',0),('20020427','matkhau',0),('20020436','matkhau',0),('20020446','matkhau',0),('20020452','matkhau',0),('20020458','matkhau',0),('20020465','matkhau',0),('20020475','matkhau',0),('20020493','matkhau',0),('20020503','matkhau',0),('20020507','matkhau',0),('20020525','matkhau',0),('20020596','matkhau',0),('20020637','matkhau',0),('20020649','matkhau',0),('20020684','matkhau',0),('20020693','matkhau',0),('20020694','matkhau',0),('20020698','matkhau',0),('20020755','matkhau',0),('20020756','matkhau',0),('20020764','matkhau',0),('20020770','matkhau',0),('20020774','matkhau',0),('20020775','matkhau',0),('20020781','matkhau',0),('20020785','matkhau',0),('20020786','matkhau',0),('20020792','matkhau',0),('20020805','matkhau',0),('20020806','matkhau',0),('20020820','matkhau',0),('20020823','matkhau',0),('20020825','matkhau',0),('20020828','matkhau',0),('20020829','matkhau',0),('20020831','matkhau',0),('20020843','matkhau',0),('20020846','matkhau',0),('20020851','matkhau',0),('20020863','matkhau',0),('20020953','matkhau',0),('20020954','matkhau',0),('20020955','matkhau',0),('20020956','matkhau',0),('20020957','matkhau',0),('20020958','matkhau',0),('20020959','matkhau',0),('20020961','matkhau',0),('20020962','matkhau',0),('20020963','matkhau',0),('20020964','matkhau',0),('20020965','matkhau',0),('20020966','matkhau',0),('20020968','matkhau',0),('20020970','matkhau',0),('20020971','matkhau',0),('20020973','matkhau',0),('20020974','matkhau',0),('20020975','matkhau',0),('20020977','matkhau',0),('20020978','matkhau',0),('20020980','matkhau',0),('20020981','matkhau',0),('20020982','matkhau',0),('20020983','matkhau',0),('20020985','matkhau',0),('20020986','matkhau',0),('20020987','matkhau',0),('20020989','matkhau',0),('20020991','matkhau',0),('20020993','matkhau',0),('20020994','matkhau',0),('20020995','matkhau',0),('20020997','matkhau',0),('20021000','matkhau',0),('20021001','matkhau',0),('20021002','matkhau',0),('20021004','matkhau',0),('20021005','matkhau',0),('20021006','matkhau',0),('20021008','matkhau',0),('20021013','matkhau',0),('20021014','matkhau',0),('20021017','matkhau',0),('20021019','matkhau',0),('20021022','matkhau',0),('20021023','matkhau',0),('20021025','matkhau',0),('20021027','matkhau',0),('20021029','matkhau',0),('20021032','matkhau',0),('20021034','matkhau',0),('20021035','matkhau',0),('20021036','matkhau',0),('20021038','matkhau',0),('20021039','matkhau',0),('20021041','matkhau',0),('20021042','matkhau',0),('20021043','matkhau',0),('20021044','matkhau',0),('20021045','matkhau',0),('20021046','matkhau',0),('20021047','matkhau',0),('20021048','matkhau',0),('20021049','matkhau',0),('20021051','matkhau',0),('20021052','matkhau',0),('20021053','matkhau',0),('20021054','matkhau',0),('20021057','matkhau',0),('20021058','matkhau',0),('20021060','matkhau',0),('20021064','matkhau',0),('20021065','matkhau',0),('20021066','matkhau',0),('20021067','matkhau',0),('20021069','matkhau',0),('20021070','matkhau',0),('20021071','matkhau',0),('20021072','matkhau',0),('20021074','matkhau',0),('20021075','matkhau',0),('20021077','matkhau',0),('20021078','matkhau',0),('20021084','matkhau',0),('20021090','matkhau',0),('20021116','matkhau',0),('20021124','matkhau',0),('20021125','matkhau',0),('20021134','matkhau',0),('20021152','matkhau',0),('20021153','matkhau',0),('20021157','matkhau',0),('20021239','matkhau',0),('20021296','matkhau',0),('20021299','matkhau',0),('20021302','matkhau',0),('20021305','matkhau',0),('20021311','matkhau',0),('20021327','matkhau',0),('20021336','matkhau',0),('20021360','matkhau',0),('20021365','matkhau',0),('20021376','matkhau',0),('20021377','matkhau',0),('20021398','matkhau',0),('20021428','matkhau',0),('20021441','matkhau',0),('20021478','matkhau',0),('20021607','matkhau',0),('21020007','matkhau',0),('21020010','matkhau',0),('21020020','matkhau',0),('21020024','matkhau',0),('21020028','matkhau',0),('21020030','matkhau',0),('21020032','matkhau',0),('21020033','matkhau',0),('21020037','matkhau',0),('21020042','matkhau',0),('21020043','matkhau',0),('21020046','matkhau',0),('21020052','matkhau',0),('21020060','matkhau',0),('21020061','matkhau',0),('21020066','matkhau',0),('21020067','matkhau',0),('21020073','matkhau',0),('21020088','matkhau',0),('21020093','matkhau',0),('21020126','matkhau',0),('21020154','matkhau',0),('21020156','matkhau',0),('21020159','matkhau',0),('21020160','matkhau',0),('21020162','matkhau',0),('21020173','matkhau',0),('21020174','matkhau',0),('21020178','matkhau',0),('21020181','matkhau',0),('21020182','matkhau',0),('21020183','matkhau',0),('21020184','matkhau',0),('21020185','matkhau',0),('21020191','matkhau',0),('21020192','matkhau',0),('21020194','matkhau',0),('21020196','matkhau',0),('21020197','matkhau',0),('21020199','matkhau',0),('21020200','matkhau',0),('21020202','matkhau',0),('21020203','matkhau',0),('21020204','matkhau',0),('21020207','matkhau',0),('21020212','matkhau',0),('21020216','matkhau',0),('21020219','matkhau',0),('21020220','matkhau',0),('21020222','matkhau',0),('21020223','matkhau',0),('21020225','matkhau',0),('21020236','matkhau',0),('21020237','matkhau',0),('21020238','matkhau',0),('21020240','matkhau',0),('21020260','matkhau',0),('21020276','matkhau',0),('21020280','matkhau',0),('21020285','matkhau',0),('21020288','matkhau',0),('21020294','matkhau',0),('21020296','matkhau',0),('21020297','matkhau',0),('21020300','matkhau',0),('21020312','matkhau',0),('21020313','matkhau',0),('21020321','matkhau',0),('21020333','matkhau',0),('21020339','matkhau',0),('21020345','matkhau',0),('21020348','matkhau',0),('21020349','matkhau',0),('21020358','matkhau',0),('21020359','matkhau',0),('21020361','matkhau',0),('21020364','matkhau',0),('21020366','matkhau',0),('21020394','matkhau',0),('21020407','matkhau',0),('21020415','matkhau',0),('21020417','matkhau',0),('21020418','matkhau',0),('21020427','matkhau',0),('21020428','matkhau',0),('21020445','matkhau',0),('21020462','matkhau',0),('21020468','matkhau',0),('21020475','matkhau',0),('21020485','matkhau',0),('21020494','matkhau',0),('21020495','matkhau',0),('21020511','matkhau',0),('21020514','matkhau',0),('21020517','matkhau',0),('21020518','matkhau',0),('21020519','matkhau',0),('21020522','matkhau',0),('21020525','matkhau',0),('21020528','matkhau',0),('21020535','matkhau',0),('21020540','matkhau',0),('21020546','matkhau',0),('21020551','matkhau',0),('21020553','matkhau',0),('21020556','matkhau',0),('21020562','matkhau',0),('21020607','matkhau',0),('21020612','matkhau',0),('21020613','matkhau',0),('21020614','matkhau',0),('21020620','matkhau',0),('21020622','matkhau',0),('21020625','matkhau',0),('21020627','matkhau',0),('21020629','matkhau',0),('21020631','matkhau',0),('21020637','matkhau',0),('21020638','matkhau',0),('21020639','matkhau',0),('21020642','matkhau',0),('21020649','matkhau',0),('21020650','matkhau',0),('21020654','matkhau',0),('21020660','matkhau',0),('21020671','matkhau',0),('21020691','matkhau',0),('21020716','matkhau',0),('21020721','matkhau',0),('21020728','matkhau',0),('21020738','matkhau',0),('21020761','matkhau',0),('21020763','matkhau',0),('21020765','matkhau',0),('21020801','matkhau',0),('21020903','matkhau',0),('21020915','matkhau',0),('21020916','matkhau',0),('21020917','matkhau',0),('21020920','matkhau',0),('21020922','matkhau',0),('21020959','matkhau',0),('21021070','matkhau',0),('21021072','matkhau',0),('21021081','matkhau',0),('21021087','matkhau',0),('21021107','matkhau',0),('21021148','matkhau',0),('21021200','matkhau',0),('21021208','matkhau',0),('21021219','matkhau',0),('21021223','matkhau',0),('21021225','matkhau',0),('21021235','matkhau',0),('21021242','matkhau',0),('21021243','matkhau',0),('21021246','matkhau',0),('21021250','matkhau',0),('21021267','matkhau',0),('21021273','matkhau',0),('21021275','matkhau',0),('21021314','matkhau',0),('21021320','matkhau',0),('21021323','matkhau',0),('21021327','matkhau',0),('21021328','matkhau',0),('21021411','matkhau',0),('21021453','matkhau',0),('21021460','matkhau',0),('21021461','matkhau',0),('21021463','matkhau',0),('21021464','matkhau',0),('21021466','matkhau',0),('21021469','matkhau',0),('21021470','matkhau',0),('21021475','matkhau',0),('21021477','matkhau',0),('21021478','matkhau',0),('21021481','matkhau',0),('21021490','matkhau',0),('21021492','matkhau',0),('21021494','matkhau',0),('21021496','matkhau',0),('21021500','matkhau',0),('21021502','matkhau',0),('21021505','matkhau',0),('21021506','matkhau',0),('21021507','matkhau',0),('21021509','matkhau',0),('21021511','matkhau',0),('21021517','matkhau',0),('21021528','matkhau',0),('21021535','matkhau',0),('21021536','matkhau',0),('21021538','matkhau',0),('21021539','matkhau',0),('21021541','matkhau',0),('21021579','matkhau',0),('21021620','matkhau',0),('21021660','matkhau',0),('21021683','matkhau',0),('22021100','matkhau',0),('22021115','matkhau',0),('22021133','matkhau',0),('22021136','matkhau',0),('22021144','matkhau',0),('22021151','matkhau',0),('22021165','matkhau',0),('22021169','matkhau',0),('22021170','matkhau',0),('22021172','matkhau',0),('22021191','matkhau',0),('22021193','matkhau',0),('22021211','matkhau',0),('22021505','matkhau',0),('22021529','matkhau',0),('22021581','matkhau',0),('22022163','matkhau',0),('22022556','matkhau',0),('22022659','matkhau',0),('22023171','matkhau',0),('22023508','matkhau',0),('22024558','matkhau',0),('22025100','matkhau',0),('22025102','matkhau',0),('22025104','matkhau',0),('22025105','matkhau',0),('22025111','matkhau',0),('22025120','matkhau',0),('22025125','matkhau',0),('22025126','matkhau',0),('22025127','matkhau',0),('22025137','matkhau',0),('22025142','matkhau',0),('22025149','matkhau',0),('22025159','matkhau',0),('22025163','matkhau',0),('22025164','matkhau',0),('22025167','matkhau',0),('22025176','matkhau',0),('22025179','matkhau',0),('22025194','matkhau',0),('22025197','matkhau',0),('22025204','matkhau',0),('22025500','matkhau',0),('22025517','matkhau',0),('22027115','matkhau',0),('22027179','matkhau',0),('22028007','matkhau',0),('22028008','matkhau',0),('22028025','matkhau',0),('22028036','matkhau',0),('22028039','matkhau',0),('22028067','matkhau',0),('22028077','matkhau',0),('22028089','matkhau',0),('22028090','matkhau',0),('22028106','matkhau',0),('22028113','matkhau',0),('22028118','matkhau',0),('22028145','matkhau',0),('22028175','matkhau',0),('22028177','matkhau',0),('22028188','matkhau',0),('22028193','matkhau',0),('22028200','matkhau',0),('22028222','matkhau',0),('22028258','matkhau',0),('22028266','matkhau',0),('22028317','matkhau',0),('22028329','matkhau',0),('22029091','matkhau',0);
/*!40000 ALTER TABLE `accounts` ENABLE KEYS */;
UNLOCK TABLES;

--
-- Table structure for table `courses`
--

DROP TABLE IF EXISTS `courses`;
/*!40101 SET @saved_cs_client     = @@character_set_client */;
/*!50503 SET character_set_client = utf8mb4 */;
CREATE TABLE `courses` (
  `courseID` varchar(10) NOT NULL,
  `title` text NOT NULL,
  `credits` int NOT NULL,
  PRIMARY KEY (`courseID`)
) ENGINE=InnoDB DEFAULT CHARSET=utf8mb4 COLLATE=utf8mb4_0900_ai_ci;
/*!40101 SET character_set_client = @saved_cs_client */;

--
-- Dumping data for table `courses`
--

LOCK TABLES `courses` WRITE;
/*!40000 ALTER TABLE `courses` DISABLE KEYS */;
INSERT INTO `courses` VALUES ('AER1001','Giới thiệu về Hàng không Vũ trụ',3),('AER2005','Cơ học kỹ thuật cho công nghệ Hàng không vũ trụ',4),('AER3001','Kết cấu hàng không',3),('AGT2000','Nhập môn Công nghệ nông nghiệp',3),('BSA2002','Nguyên lý marketing',3),('CTE2002','Cơ học lý thuyết',3),('CTE2005','Sức bền vật liệu và kết cấu',3),('CTE2007','Hình họa họa hình',2),('CTE2010','Cơ học đất',3),('CTE2011','Vật liệu xây dựng',3),('CTE2012','Kinh tế xây dựng',2),('CTE2013','Cơ sở quy hoạch',2),('CTE2014','Cơ sở kiến trúc',2),('CTE3001','Nền và móng',3),('CTE3002','Thủy văn',2),('CTE3003','Kết cấu bê tông',3),('CTE3004','Kết cấu thép',2),('CTE3005','Trắc địa',3),('EET2001','Hóa học hữu cơ',3),('EET2002','Hóa học nhiên liệu',3),('EET2004','Nguyên lý biến đổi năng lượng',3),('EET2007','Thực hành kỹ thuật năng lượng',3),('EET2008','Thực hành công nghiệp kỹ thuật năng lượng',2),('EET2011','Cơ sở quản lý năng lượng',2),('EET2013','Năng lượng tái tạo',3),('EET2016','Lựa chọn năng lượng bền vững',2),('ELT1005','Nhập môn kỹ thuật điện tử',3),('ELT2028','Chuyên nghiệp trong công nghệ',2),('ELT2029','Toán trong công nghệ',3),('ELT2030','Kỹ thuật điện',3),('ELT2031','Mô hình hóa và mô phỏng',2),('ELT2032','Linh kiện điện tử',3),('ELT2035','Tín hiệu và hệ thống',3),('ELT2036','Kỹ thuật anten',3),('ELT2037','Thực tập thiết kế hệ thống',4),('ELT2040','Điện tử tương tự',3),('ELT2201','Nguyên lý kỹ thuật điện tử',3),('ELT3043','Truyền thông',3),('ELT3045','Nhập môn hệ thống và mạch cao tần',3),('ELT3046','Mạng truyền thông máy tính 1',3),('ELT3047','Kiến trúc máy tính',3),('ELT3048','Hệ thống vi xử lý',3),('ELT3051','Kỹ thuật điều khiển',3),('ELT3056','Truyền thông vô tuyến',3),('ELT3057','Truyền thông số và mã hóa',3),('ELT3060','Kỹ thuật cao tần',3),('ELT3062','Mạng truyền thông máy tính 2',3),('ELT3067','Truyền thông quang',3),('ELT3073','Thiết kế và mô phỏng hệ thống điều khiển',3),('ELT3086','Thực tập chuyên đề',3),('ELT3088','MEMS sinh học và các thiết bị y-sinh',3),('ELT3094','Nhập môn Xử lý tín hiệu cho hệ thống đa phương tiện',3),('ELT3097','Lập trình cho thiết bị di động',3),('ELT3099','Các phương pháp xử lý tín hiệu (*)',3),('ELT3102','Thực tập điện tử tương tự',2),('ELT3103','Thực tập điện tử số',2),('ELT3110','Quang điện tử',3),('ELT3111','Hệ thống logic mờ',3),('ELT3134','Thực tập kỹ thuật điện tử',2),('ELT3168','Quản trị mạng viễn thông',3),('ELT3189','Kỹ thuật anten',3),('EMA2004','Cơ học môi trường liên tục',4),('EMA2006','Matlab và ứng dụng',3),('EMA2007','Cơ học vật rắn biến dạng',3),('EMA2008','Cơ học chất lỏng',4),('EMA2011','Phương pháp tính trong kỹ thuật',3),('EMA2012','Sức bền vật liệu và cơ học kết cấu',4),('EMA2013','Lý thuyết điều khiển tự động',3),('EMA202','Linh kiện bán dẫn và vi mạch',2),('EMA2021','Linh kiện bán dẫn và vi mạch',2),('EMA2022','Cơ sở công nghệ chế tạo máy',3),('EMA2023','Kỹ thuật số',2),('EMA2024','Kỹ thuật đo lường và cảm biến',3),('EMA2026','Cơ sở kỹ thuật điện',2),('EMA2028','Nhập môn công nghệ vi cơ điện tử',2),('EMA2032','Hình hoạ kỹ thuật và CAD',2),('EMA2033','Cơ sở thiết kế máy',4),('EMA2035','Kỹ thuật mô hình - mô phỏng',3),('EMA2036','Cơ học kỹ thuật 1',3),('EMA2038','Nhiệt động lực học',3),('EMA2041','Phương trình vi phân và đạo hàm riêng',4),('EMA2050','Xác suất thống kê ứng dụng',3),('EMA3004','Công nghệ CAD/CAM/CNC',2),('EMA3005','Công nghệ chế tạo máy',3),('EMA3006','Công nghệ gia công phi truyền thống và tạo mẫu',3),('EMA3028','Kỹ thuật xung-số-tương tự và kỹ thuật đo và điều khiển',3),('EMA3035','Máy công cụ - CNC',3),('EMA3042','Thiết kế khuôn mẫu',2),('EMA3062','Điều khiển PLC',3),('EMA3065','Điện tử công suất',2),('EMA3071','Ứng dụng máy tính trong đo lường và điều khiển',3),('EMA3083','Hệ thống cơ điện tử',3),('EMA3084','Vi xử lý và vi điều khiển',3),('EMA3085','Robot công nghiệp',4),('EMA3091','Động lực học sông và đồ án',4),('EMA3092','Động lực học - môi trường không khí và đồ án',4),('EMA3093','Máy - thiết bị thủy khí và đồ án',4),('EMA3094','Thủy động lực học - môi trường biển',4),('EMA3096','Công trình biển ngoài khơi, độ tin cậy và đồ án',4),('EMA3097','Công trình biển ven bờ (đê, cảng, đường ống, bể chứa) và đồ án',4),('EMA3101','Kết cấu thiết bị bay và đồ án',4),('EMA3102','Cảm biến, điều khiển vệ tinh và đồ án',4),('EMA3103','Thiết kế, tích hợp vệ tinh nhỏ và đồ án',4),('EMA3104','Cơ học chất lỏng thực nghiệm',3),('EMA3105','Đồ án thủy động lực học - môi trường biển',3),('EMA3106','Nhập môn công nghệ vũ trụ',3),('EMA3107','Thí nghiệm đo đạc môi trường biển',3),('EMA3109','Nhập môn khí động học thiết bị bay',3),('EMA3110','Kỹ thuật đường ống',3),('EMA3116','Kỹ thuật thuỷ khí',3),('EMA3117','Cơ học vật liệu composite',3),('EMA3118','Lý thuyết tấm và vỏ',4),('EMA3119','Các phương pháp số trong cơ học vật liệu và kết cấu',4),('EMA3120','Động lực học trong công trình',4),('EMA3121','Lý thuyết dẻo',3),('EMA4050','Đồ án tốt nghiệp',10),('EPN1095','Vật lý đại cương 1',2),('EPN1096','Vật lý đại cương 2',2),('EPN2002','Kỹ thuật hóa học và ứng dụng',3),('EPN2004','Mô hình hóa và mô phỏng trong Vật lý',3),('EPN2014','Vật lý bán dẫn và linh kiện',2),('EPN2023','Các phương pháp toán lý',3),('EPN2025','Kỹ thuật màng mỏng và công nghệ nano',3),('EPN2027','Tin học vật lý',3),('EPN2029','Khoa học vật liệu đại cương',3),('EPN2051','Seminar và thảo luận nhóm về công nghệ nano và ứng dụng',2),('EPN3001','Chẩn đoán phân tử',2),('EPN3002','Công nghệ ADN tái tổ hợp',2),('EPN3006','Các hệ vi cơ điện tử và ứng',2),('EPN3009','Các vật liệu polymer chức năng cấu trúc nano',2),('EPN3010','Các vật liệu từ tính cấu trúc nano và kỹ thuật spin điện tử',2),('EPN3016','Quang phi tuyến',2),('EPN3017','Quang phổ chất rắn',2),('EPN3020','Quang tử nano',2),('EPN3024','Thiết bị quang tử',2),('EPN3027','Thực hành các phương pháp thực nghiệm nano sinh học',3),('EPN3029','Thực tập chuyên đề Công nghệ quang tử',3),('EPN3030','Thực tập chuyên đề Công nghệ nano',3),('EPN3035','Vật liệu bán dẫn cấu trúc nano',2),('EPN3037','Vật liệu nano sinh học',2),('EPN3038','Vật liệu quang tử hữu cơ nano',2),('EPN3039','Vật lý và công nghệ laser',4),('EPN3041','Công nghệ sinh học phân tử nano',2),('EPN3052','Vật liệu gốm kỹ thuật',2),('EPN3053','Kỹ thuật bảo vệ vật liệu và ứng dụng',2),('EPN3055','Công nghệ chế tạo pin mặt trời',2),('EPN3056','Công nghệ nano sinh học',3),('EPN3061','Sinh học phân tử',3),('FLF2101','Tiếng Anh cơ sở 1',4),('FLF2102','Tiếng Anh cơ sở 2',5),('FLF2103','Tiếng anh cơ sở 3',5),('HIS1002','Đường lối cách mạng của Đảng Cộng sản Việt Nam',3),('INE1050','Kinh tế vi mô',3),('INT1003','Tin học cơ sở 1',2),('INT1006','Tin học cơ sở 4',3),('INT1050','Toán học rời rạc',4),('INT2043','Cấu trúc dữ liệu và giải thuật',3),('INT2044','Lý thuyết thông tin',3),('INT2203','Cấu trúc dữ liệu và giải thuật',3),('INT2204','Lập trình hướng đối tượng',3),('INT2205','Kiến trúc máy tính',3),('INT2291','Nhập môn công nghệ phần mềm',3),('INT3011','Các vấn đề hiện đại trong KHMT',3),('INT3075','Học máy thống kê',3),('INT3109','Thu thập và phân tích yêu cầu (môn tự chọn)',3),('INT3110','Phân tích và thiết kế hướng đối tượng (*)',3),('INT3111','Quản lý dự án phần mềm (Môn lựa chọn)',3),('INT3115','Thiết kế giao diện người dùng (Môn lựa chọn)',3),('INT3117','Kiểm thử và đảm bảo chất lượng phần mềm (môn tự chọn)',3),('INT3121','Các chuyên đề trong KHMT',3),('INT3131','Dự án khoa học',3),('INT3132','Dự án công nghệ',3),('INT3202','Hệ quản trị cơ sở dữ liệu',3),('INT3206','Cơ sở dữ liệu phân tán (môn tự chọn)',3),('INT3207','Kho dữ liệu (môn tự chọn)',3),('INT3209','Khai phá dữ liệu (Môn lựa chọn)',3),('INT3210','Khai phá dữ liệu hướng lĩnh vực (môn tự chọn)',3),('INT3211','Tích hợp hệ thống',3),('INT3213','Nhập môn an toàn thông tin',3),('INT3216','Phân tích, đánh giá hiệu năng hệ thống máy tính',3),('INT3217','Lập trình hệ thống',3),('INT3220','Các chủ đề hiện đại của HTTT',3),('INT3222','Cơ sở dữ liệu đa phương tiện',3),('INT3301','Thực hành hệ điều hành mạng (môn lựa chọn)',3),('INT3303','Mạng không dây (Môn lựa chọn)',3),('INT3304','Lập trình mạng (Môn lựa chọn)',3),('INT3305','Truyền thông đa phương tiện (môn lựa chọn)',3),('INT3306','Phát triển ứng dụng Web',3),('INT3307','An toàn và an ninh mạng',3),('INT3308','Đánh giá hiệu năng mạng',3),('INT3318','Các thiết bị mạng và môi trường truyền',3),('INT3401','Trí tuệ nhân tạo',3),('INT3403','Đồ họa máy tính(***)',3),('INT3404','Xử lý ảnh',3),('INT3405','Học máy (*)',3),('INT3406','Xử lý ngôn ngữ tự nhiên (***) (Môn lựa chọn)',3),('INT3407','Tin sinh học',3),('INT3501','Khoa học dịch vụ',3),('INT3507','Các vấn đề hiện đại CNTT',3),('INT3508','Thực tập chuyên ngành',3),('INT3509','Dự án',4),('INT3513','Phân tích và thiết kế thuật toán - Ứng dụng trong di động',3),('INT4001','Thực tập tốt nghiệp',3),('INT4002','Thực tập doanh nghiệp',3),('INT4054','Khóa luận tốt nghiệp',10),('JAP3047','Văn hóa kinh doanh Nhật Bản (*)',3),('JAP4021','Tiếng Nhật 1A',4),('JAP4023','Tiếng Nhật 2A',4),('JAP4025','Tiếng Nhật 3A',4),('MAT1041','Giải tích 1',4),('MAT1042','Giải tích 2',4),('MAT1093','Đại số',4),('MAT1099','Phương pháp tính',2),('MAT1100','Tối ưu hóa',2),('MAT1101','Xác suất thống kê',3),('PHI1004','Những nguyên lý cơ bản của chủ nghĩa Mác – Lênin 1',2),('PHY1100','Cơ – Nhiệt',3),('PHY1103','Điện và Quang',3),('PHY1104','Thực hành Vật lý đại cương',2),('PHY1105','Vật lý hiện đại',2),('POL1001','Tư tưởng Hồ Chí Minh',2),('RBE1001','Trải nghiệm và Khám phá về Robot',2),('RBE2002','Cơ học cho Robot',3),('RBE2003','Động học và động lực học',3),('RBE2031','Toán ứng dụng trong kĩ thuật Robot',2);
/*!40000 ALTER TABLE `courses` ENABLE KEYS */;
UNLOCK TABLES;

--
-- Table structure for table `prereqs`
--

DROP TABLE IF EXISTS `prereqs`;
/*!40101 SET @saved_cs_client     = @@character_set_client */;
/*!50503 SET character_set_client = utf8mb4 */;
CREATE TABLE `prereqs` (
  `courseID` varchar(10) NOT NULL,
  `preReqCourseID` varchar(10) NOT NULL,
  PRIMARY KEY (`courseID`,`preReqCourseID`),
  KEY `course01_idx` (`preReqCourseID`),
  CONSTRAINT `courseIDofPre` FOREIGN KEY (`courseID`) REFERENCES `courses` (`courseID`) ON DELETE CASCADE ON UPDATE CASCADE,
  CONSTRAINT `preReqCourseIDofPre` FOREIGN KEY (`preReqCourseID`) REFERENCES `courses` (`courseID`) ON DELETE CASCADE ON UPDATE CASCADE
) ENGINE=InnoDB DEFAULT CHARSET=utf8mb4 COLLATE=utf8mb4_0900_ai_ci;
/*!40101 SET character_set_client = @saved_cs_client */;

--
-- Dumping data for table `prereqs`
--

LOCK TABLES `prereqs` WRITE;
/*!40000 ALTER TABLE `prereqs` DISABLE KEYS */;
INSERT INTO `prereqs` VALUES ('ELT3045','ELT2030'),('ELT3046','ELT2030'),('ELT3060','ELT2030'),('ELT3051','ELT2035'),('ELT3094','ELT2035'),('ELT3099','ELT2035'),('ELT2036','ELT2036'),('ELT3102','ELT2040'),('ELT3134','ELT2201'),('ELT3060','ELT3045'),('ELT3047','ELT3047'),('EMA2007','EMA2004'),('EMA2008','EMA2004'),('EMA3092','EMA2004'),('EMA3109','EMA2004'),('EMA3121','EMA2004'),('EMA2035','EMA2006'),('EMA3084','EMA2006'),('EMA3094','EMA2006'),('EMA3102','EMA2006'),('EMA3097','EMA2007'),('EMA3109','EMA2007'),('EMA3118','EMA2007'),('EMA3120','EMA2007'),('EMA3121','EMA2007'),('EMA3091','EMA2008'),('EMA3093','EMA2008'),('EMA3094','EMA2008'),('EMA3104','EMA2008'),('EMA3110','EMA2008'),('EPN2004','EMA2011'),('EMA2022','EMA2012'),('EMA3096','EMA2012'),('EMA3097','EMA2012'),('EMA3101','EMA2012'),('EMA3110','EMA2012'),('EMA3118','EMA2012'),('EMA3120','EMA2012'),('EMA3028','EMA2013'),('EMA3071','EMA2013'),('EMA3085','EMA2013'),('EMA3102','EMA2013'),('EMA2024','EMA2021'),('EMA3028','EMA2021'),('EMA3005','EMA2022'),('EMA3028','EMA2024'),('EMA3062','EMA2024'),('EMA3107','EMA2024'),('EMA2023','EMA2026'),('EMA2028','EMA2026'),('EMA3062','EMA2026'),('EMA2022','EMA2032'),('EMA3004','EMA2032'),('EMA3042','EMA2032'),('EMA3103','EMA2032'),('EMA2022','EMA2033'),('EMA3005','EMA2033'),('EMA3085','EMA2036'),('EET2004','EMA2038'),('EMA3121','EMA2041'),('EMA3096','EMA2050'),('EMA3062','EMA3084'),('EMA3105','EMA3094'),('EMA3107','EMA3094'),('EMA3101','EMA3106'),('EMA3103','EMA3106'),('EPN2004','EPN2023'),('EPN2025','EPN2029'),('EPN3017','EPN2029'),('FLF2102','FLF2101'),('FLF2103','FLF2102'),('INT1006','INT1003'),('INT2205','INT1003'),('INT3011','INT1003'),('INT3501','INT1003'),('INT3508','INT1003'),('INT4002','INT1003'),('ELT3047','INT1006'),('EMA2006','INT1006'),('EMA2011','INT1006'),('EMA2035','INT1006'),('EPN2004','INT1006'),('EPN2027','INT1006'),('INT2203','INT1006'),('INT2204','INT1006'),('INT2291','INT1006'),('INT3513','INT1006'),('INT3121','INT2203'),('INT3401','INT2203'),('INT3403','INT2203'),('INT3404','INT2203'),('INT3406','INT2203'),('INT3110','INT2204'),('INT3115','INT2204'),('INT3306','INT2204'),('INT3210','INT3209'),('INT4001','INT3220'),('JAP4023','JAP4021'),('JAP4025','JAP4023'),('MAT1041','MAT1041'),('MAT1042','MAT1041'),('MAT1101','MAT1041'),('AER2005','MAT1042'),('ELT2035','MAT1042'),('EMA2004','MAT1042'),('EMA2006','MAT1042'),('EMA2011','MAT1042'),('EMA2013','MAT1042'),('EMA2032','MAT1042'),('EMA2036','MAT1042'),('EMA2041','MAT1042'),('EMA2050','MAT1042'),('EMA3085','MAT1042'),('EMA3106','MAT1042'),('MAT1099','MAT1042'),('MAT1100','MAT1042'),('AER2005','MAT1093'),('ELT2029','MAT1093'),('EMA2004','MAT1093'),('EMA2006','MAT1093'),('EMA2011','MAT1093'),('EMA2013','MAT1093'),('EMA2032','MAT1093'),('EMA2036','MAT1093'),('EMA2041','MAT1093'),('EMA2050','MAT1093'),('EMA3085','MAT1093'),('EMA3106','MAT1093'),('EPN2023','MAT1093'),('MAT1099','MAT1093'),('MAT1100','MAT1093'),('INT2044','MAT1101'),('INT3405','MAT1101'),('HIS1002','PHI1004'),('EMA3106','PHY1100'),('PHY1103','PHY1100'),('ELT2030','PHY1103'),('ELT2040','PHY1103'),('EMA2004','PHY1103'),('EMA202','PHY1103'),('EMA2021','PHY1103'),('EMA2026','PHY1103'),('EMA2033','PHY1103'),('EMA3106','PHY1103'),('EPN2002','PHY1103'),('PHY1104','PHY1103');
/*!40000 ALTER TABLE `prereqs` ENABLE KEYS */;
UNLOCK TABLES;

--
-- Table structure for table `schedule`
--

DROP TABLE IF EXISTS `schedule`;
/*!40101 SET @saved_cs_client     = @@character_set_client */;
/*!50503 SET character_set_client = utf8mb4 */;
CREATE TABLE `schedule` (
  `userID` varchar(10) NOT NULL,
  `courseID` varchar(10) NOT NULL,
  `sectionID` varchar(10) NOT NULL,
  PRIMARY KEY (`userID`,`courseID`,`sectionID`),
  KEY `CourseOfSchedule_idx` (`courseID`,`sectionID`),
  CONSTRAINT `CourseOfSchedule` FOREIGN KEY (`courseID`, `sectionID`) REFERENCES `sections` (`courseID`, `sectionID`) ON DELETE CASCADE ON UPDATE CASCADE,
  CONSTRAINT `userID` FOREIGN KEY (`userID`) REFERENCES `accounts` (`userID`) ON DELETE CASCADE ON UPDATE CASCADE
) ENGINE=InnoDB DEFAULT CHARSET=utf8mb4 COLLATE=utf8mb4_0900_ai_ci;
/*!40101 SET character_set_client = @saved_cs_client */;

--
-- Dumping data for table `schedule`
--

LOCK TABLES `schedule` WRITE;
/*!40000 ALTER TABLE `schedule` DISABLE KEYS */;
/*!40000 ALTER TABLE `schedule` ENABLE KEYS */;
UNLOCK TABLES;

--
-- Table structure for table `sections`
--

DROP TABLE IF EXISTS `sections`;
/*!40101 SET @saved_cs_client     = @@character_set_client */;
/*!50503 SET character_set_client = utf8mb4 */;
CREATE TABLE `sections` (
  `courseID` varchar(10) NOT NULL,
  `sectionID` varchar(10) NOT NULL,
  `location` varchar(45) NOT NULL,
  `day` int NOT NULL,
  `start` varchar(45) NOT NULL,
  `end` varchar(45) NOT NULL,
  `teacherID` int NOT NULL,
  `capacity` int NOT NULL,
  PRIMARY KEY (`courseID`,`sectionID`),
  KEY `teacherID_idx` (`teacherID`),
  CONSTRAINT `courseIDofSec` FOREIGN KEY (`courseID`) REFERENCES `courses` (`courseID`) ON DELETE CASCADE ON UPDATE CASCADE,
  CONSTRAINT `teacherIDofSec` FOREIGN KEY (`teacherID`) REFERENCES `teachers` (`teacherID`) ON DELETE CASCADE ON UPDATE CASCADE
) ENGINE=InnoDB DEFAULT CHARSET=utf8mb4 COLLATE=utf8mb4_0900_ai_ci;
/*!40101 SET character_set_client = @saved_cs_client */;

--
-- Dumping data for table `sections`
--

LOCK TABLES `sections` WRITE;
/*!40000 ALTER TABLE `sections` DISABLE KEYS */;
INSERT INTO `sections` VALUES ('INT2204','1','3-G3',3,'10','11',43,80),('INT2204','2','3-G3',3,'1','2',27,80),('INT2204','20','PM402-E5',2,'1','2',55,80),('INT2204','21','PM305-G2',3,'1','2',34,80),('INT2204','22','PM401-E5',3,'1','2',60,80),('INT2204','23','PM208-G2',3,'7','8',43,80),('INT2204','24','105-GĐ3',3,'10','11',27,80),('INT2204','25','107-G2',2,'7','8',34,80),('INT3115','1','105-GĐ3',6,'4','6',17,80),('INT3117','1','107-GĐ3',6,'7','9',55,80),('INT3117','2','103-G2',5,'7','9',55,80),('INT3121','20','205-GĐ3',3,'7','9',1,80),('INT3121','21','207-GĐ3',2,'7','9',3,80),('INT3131','20','Khoa CNTT',8,'1','5',38,80),('INT3132','1','Khoa CNTT',7,'1','5',38,80),('INT3132','20','Khoa CNTT',8,'7','11',38,80),('INT3209','1','309-GĐ2',2,'1','3',11,80),('INT3209','3','106-GĐ3',4,'1','3',51,80),('INT3301','1','PM304-G2',7,'7','11',48,80),('INT3301','20','PM304-G2',7,'1','5',28,80),('INT3301','21','PM402-E5',7,'7','11',28,80),('INT3303','20','309-GĐ2',3,'1','3',8,80),('INT3304','1','306-GĐ2',6,'1','2',41,80),('INT3306','1','301-G2',5,'9','10',36,80),('INT3306','2','PM202-G2',3,'1','2',62,80),('INT3306','21','PM305-G2',3,'7','8',54,80),('INT3306','22','PM307-G2',4,'1','2',54,80),('INT3306','3','206-GĐ3',2,'10','11',35,80),('INT3306','4','309-GĐ2',2,'4','5',36,80),('INT3307','1','308-GĐ2',5,'1','3',37,80),('INT3401','1','107-G2',5,'1','3',39,80),('INT3401','2','107-G2',5,'4','6',39,80),('INT3401','20','206-GĐ3',7,'1','3',19,80),('INT3401','21','106-GĐ3',7,'7','9',19,80),('INT3401','3','308-GĐ2',5,'4','6',9,80),('INT3401','4','206-GĐ3',2,'7','9',1,80),('INT3401','5','3-G3',3,'7','9',86,80),('INT3403','1','301-GĐ2',4,'7','8',15,80),('INT3403','2','303-GĐ2',3,'3','4',15,80),('INT3405','2','309-GĐ2',6,'4','6',14,80),('INT3407','1','105-GĐ3',6,'1','3',13,80),('INT3507','1','307-GĐ2',2,'7','9',43,80),('INT3507','2','312-GĐ2',4,'7','9',85,80),('INT3507','3','302-GĐ2',5,'7','9',2,80),('INT3507','4','307-GĐ2',5,'4','6',37,80),('INT3507','5','304-GĐ2',3,'7','9',12,80),('INT3507','6','101-G2',2,'4','6',20,80),('MAT1101','20','102-GĐ3',6,'1','3',18,80),('MAT1101','22','105-GĐ3',4,'7','9',20,80),('MAT1101','23','107-GĐ3',7,'1','3',13,80),('MAT1101','24','101-G2',6,'9','11',13,80),('MAT1101','25','208-GĐ3',6,'4','6',18,80),('MAT1101','3','107-GĐ3',6,'10','12',18,80),('MAT1101','4','105-GĐ3',6,'7','9',12,80),('MAT1101','5','307-GĐ2',6,'9','11',42,80);
/*!40000 ALTER TABLE `sections` ENABLE KEYS */;
UNLOCK TABLES;

--
-- Table structure for table `students`
--

DROP TABLE IF EXISTS `students`;
/*!40101 SET @saved_cs_client     = @@character_set_client */;
/*!50503 SET character_set_client = utf8mb4 */;
CREATE TABLE `students` (
  `studentID` varchar(10) CHARACTER SET utf8mb4 COLLATE utf8mb4_0900_ai_ci NOT NULL,
  `name` varchar(45) CHARACTER SET utf8mb4 COLLATE utf8mb4_0900_ai_ci DEFAULT NULL,
  `birth` date DEFAULT NULL,
  PRIMARY KEY (`studentID`),
  CONSTRAINT `studentID` FOREIGN KEY (`studentID`) REFERENCES `accounts` (`userID`) ON DELETE CASCADE ON UPDATE CASCADE
) ENGINE=InnoDB DEFAULT CHARSET=utf8mb3;
/*!40101 SET character_set_client = @saved_cs_client */;

--
-- Dumping data for table `students`
--

LOCK TABLES `students` WRITE;
/*!40000 ALTER TABLE `students` DISABLE KEYS */;
INSERT INTO `students` VALUES ('17021088','Thân Thế Trung','1999-01-05'),('17021199','Nguyễn Hoài Nam','1999-12-13'),('17021248','Trần Đức Hiếu','1999-01-15'),('18020024','Vũ Trần Quang Huy','2000-10-26'),('18020070','Trịnh Tuấn Hùng','1999-10-05'),('18020199','Đậu Hữu Bằng','2000-05-07'),('18020319','Nguyễn Anh Đức','2000-10-10'),('18020399','Bùi Xuân Dương','2000-09-08'),('18020669','Bùi Xuân Khải','2000-10-30'),('18020682','Nguyễn Duy Khánh','2000-05-22'),('18020856','Trần Thanh Long','2000-02-10'),('18020950','Lê Huy Ngọ','2000-02-14'),('18021348','Nguyễn Hoàng Tú','2000-11-21'),('19020075','Nguyễn Đình Tuấn Anh','2001-02-26'),('19020085','Vũ Đức Thành','2001-02-11'),('19020103','Dương Nhật Huy','2001-07-15'),('19020247','Phạm Thanh Đạt','2001-10-19'),('19020252','Phạm Tiến Đoàn','2001-10-22'),('19020330','Văn Tiến Khải','2001-12-26'),('19020339','Vũ Anh Kiên','2001-09-03'),('19020360','Phạm Đức Mạnh','2001-05-14'),('19020401','Nguyễn Hữu Hồng Quân','2001-01-28'),('19020402','Nguyễn Đắc Anh Quang','2001-10-13'),('19020426','Nguyễn Công Sơn','2001-06-24'),('19020435','Đỗ Trọng Tấn','2001-02-19'),('19020438','Đinh Văn Thái','2001-03-06'),('19021225','Bùi Đăng Nam Bình','2001-10-25'),('19021272','Nguyễn Trung Hiếu','2001-09-14'),('19021322','Trần Thế Mạnh Long','2001-12-28'),('19021326','Phạm Ngọc Mai','2001-06-17'),('19021355','Ngô Đình Ngọc Quang','2001-02-01'),('19021374','Phạm Thị Minh Trang','2001-06-06'),('19021551','Nguyễn Đức Hải','2001-06-08'),('20020016','Nguyễn Quang Huy','2002-02-26'),('20020027','Nguyễn Đắc Quán','2002-12-01'),('20020046','Ngô Quý Đạt','2002-08-17'),('20020075','Dương Đình Ngọc Bách','2002-02-07'),('20020096','Nguyễn Thế Anh','2002-11-17'),('20020104','Trần Minh Hiếu','2002-05-22'),('20020120','Nguyễn Trí Minh Tuấn','2002-05-20'),('20020134','Đặng Minh Hằng','2002-11-26'),('20020136','Nguyễn Trung Hiếu','2002-11-12'),('20020139','Đỗ Việt Hưng','2002-11-20'),('20020148','Lê Đình Nghĩa','2002-05-01'),('20020152','Đoàn Minh Quân','2002-04-17'),('20020154','Đinh Tiến Thành','2002-07-25'),('20020190','Bùi Thế Công','2002-12-12'),('20020191','Lê Trí Dũng','2002-09-14'),('20020218','Lê Văn Tiến','2002-05-04'),('20020254','Dương Hùng Anh','2002-09-06'),('20020277','Nguyễn Hà An','2002-12-23'),('20020283','Nguyễn Đức Cường','2002-04-30'),('20020286','Phạm Tiến Dũng','2002-05-29'),('20020291','Lê Minh Đức','2002-11-15'),('20020299','Nguyễn Danh Minh','2002-01-09'),('20020308','Vũ Minh Quang','2002-08-29'),('20020313','Vũ Thị Thi','2002-01-19'),('20020325','Phan Anh Quân','2002-04-30'),('20020342','Trần Văn Tư','2001-10-19'),('20020354','Đinh Ngọc Đức','2001-01-14'),('20020360','Nguyễn Vũ Anh','2002-06-09'),('20020365','Trần Xuân Bách','2002-12-02'),('20020369','Nguyễn Minh Chiến','2002-11-02'),('20020382','Nguyễn Tiến Dũng','2002-10-06'),('20020389','Nguyễn Quốc Đại','2002-10-19'),('20020390','Nguyễn Đăng Hoàng Đạo','2002-02-19'),('20020403','Cao Trung Hiếu','2002-02-19'),('20020424','Bùi Đình Khá','2002-09-18'),('20020427','Đặng Trung Kiên','2002-11-13'),('20020436','Nguyễn Thành Long','2002-10-20'),('20020446','Đoàn Văn Nam','2002-07-12'),('20020452','Phạm Gia Nghĩa','2002-06-30'),('20020458','Nguyễn Kim Nhật','2002-10-04'),('20020465','Lê Hoàng Nam Quân','2002-01-22'),('20020475','Trần Xuân Thắng','2002-12-26'),('20020493','Phạm Anh Tú','2002-06-14'),('20020503','Trần Thành Vinh','2002-10-10'),('20020507','Nguyễn Lương Vững','2002-07-24'),('20020525','Trần Trung Hậu','2002-01-23'),('20020596','Nguyễn Đình Ngọ','2002-02-20'),('20020637','Trịnh Thị Cúc','2002-08-14'),('20020649','Hoàng Ngọc Đức','2002-04-28'),('20020684','Vũ Thành Lộc','2001-01-19'),('20020693','Lê Đức Minh','2002-08-12'),('20020694','Lê Tuấn Minh','2002-05-09'),('20020698','Trần Văn Ngợi','2002-08-11'),('20020755','Lương Đắc Bảng','2002-04-29'),('20020756','Nguyễn Đình Bắc','2002-03-11'),('20020764','Cao Tiến Dũng','2001-04-29'),('20020770','Hoàng Viết Dương','2000-10-31'),('20020774','Nguyễn Thế Đạt','2002-09-20'),('20020775','Nguyễn Hải Đăng','2002-12-04'),('20020781','Vũ Minh Đức','2002-01-08'),('20020785','Trần Đức Hải','2002-12-07'),('20020786','Nguyễn Mai Hiếu','2002-06-10'),('20020792','Trần Minh Hoàng','2002-01-01'),('20020805','Ngô Văn Khải','2002-08-30'),('20020806','Nguyễn Công Khải','2002-11-16'),('20020820','Võ Phương Bảo Minh','2002-09-01'),('20020823','Giang Hải Nam','2002-10-25'),('20020825','Nguyễn Văn Nghĩa','2002-02-01'),('20020828','Nguyễn Đình Phúc','2002-02-26'),('20020829','Nguyễn Năng Phúc','2002-12-20'),('20020831','Đỗ Hoàng Sơn','2002-11-22'),('20020843','Phạm Hoàng Thắng','2002-09-06'),('20020846','Giang Văn Thức','2002-08-01'),('20020851','Lê Minh Trí','2001-01-05'),('20020863','Lưu Văn Tư','2002-02-20'),('20020953','Nguyễn Ngọc An','2002-04-24'),('20020954','Phạm Trường An','2002-12-24'),('20020955','Lê Đức Trường Anh','2002-12-31'),('20020956','Lương Việt Anh','2002-06-17'),('20020957','Lưu Công Anh','2002-04-29'),('20020958','Nguyễn Hữu Thuận Anh','2002-08-13'),('20020959','Nguyễn Thế Anh','2002-04-19'),('20020961','Nguyễn Văn Ba','2002-02-06'),('20020962','Đoàn Xuân Bách','2002-03-02'),('20020963','Lục Thị Minh Châu','2002-01-16'),('20020964','Nguyễn Chí Chiều','2002-03-01'),('20020965','Nguyễn Xuân Cung','2002-06-15'),('20020966','Hoàng Mạnh Cường','2002-12-28'),('20020968','Lê Công Danh','2002-09-19'),('20020970','Nguyễn Tiến Dũng','2002-05-12'),('20020971','Nguyễn Tấn Dũng','2002-01-08'),('20020973','Hoàng Khánh Duy','2002-08-31'),('20020974','Phạm Minh Duy','2002-05-03'),('20020975','Lê Hải Dương','2002-01-09'),('20020977','Đặng Hữu Đan','2002-06-29'),('20020978','Đỗ Thành Đạt','2002-10-18'),('20020980','Nguyễn Văn Đạt','2001-04-21'),('20020981','Phạm Tiến Đạt','2002-02-06'),('20020982','Phạm Hải Đăng','2002-02-13'),('20020983','Vũ Minh Đăng','2002-06-26'),('20020985','Dương Ngọc Giang','2002-11-06'),('20020986','Nguyễn Trí Việt Hà','2002-03-03'),('20020987','Nguyễn Đức Hải','2002-06-16'),('20020989','Phạm Văn Hậu','2002-12-18'),('20020991','Nguyễn Minh Hiếu','2002-03-12'),('20020993','Phạm Hoàng Hiếu','2002-03-15'),('20020994','Phạm Trung Hiếu','2002-12-07'),('20020995','Trần Minh Hiếu','2002-08-02'),('20020997','Lê Ngọc Hoàn','2002-05-16'),('20021000','Nguyễn Hữu Hùng','2002-04-25'),('20021001','Nguyễn Văn Hùng','2002-12-16'),('20021002','Lê Quang Huy','2002-09-11'),('20021004','Nguyễn Tuấn Huỳnh','2002-09-28'),('20021005','Nguyễn Viết Hưng','2002-05-03'),('20021006','Nguyễn Chí Khanh','2002-07-22'),('20021008','Lê Văn Khoa','2002-09-16'),('20021013','Nguyễn Hoàng Long','2002-10-06'),('20021014','Phạm Văn Long','2002-08-21'),('20021017','Đinh Duy Minh','2002-07-10'),('20021019','Nguyễn Trọng Minh','2002-01-06'),('20021022','Trương Hoài Nam','2002-08-29'),('20021023','Võ Phương Nam','2002-07-25'),('20021025','Phạm Hồng Ngọc','2002-09-19'),('20021027','Đào Viết Nhật','2002-08-12'),('20021029','Trần Anh Phong','2002-11-13'),('20021032','Khuất Minh Phúc','2002-07-25'),('20021034','Phan Công Phúc','2002-11-23'),('20021035','Trần Đình Phúc','2002-04-23'),('20021036','Trần Hồng Phúc','2002-03-08'),('20021038','Nguyễn Hoàng Phương','2002-07-17'),('20021039','Phạm Hà Phương','2002-11-17'),('20021041','Nguyễn Đình Quân','2002-02-04'),('20021042','Nông Đức Quân','2002-10-25'),('20021043','Đào Ngọc Quý','2002-04-05'),('20021044','Nguyễn Anh Quý','2001-11-17'),('20021045','Đỗ Như Quyền','2002-03-06'),('20021046','Nguyễn Thế Quyền','2002-09-05'),('20021047','Vũ Mạnh Quyết','2002-01-04'),('20021048','Đỗ Minh Sang','2002-10-15'),('20021049','Nguyễn Ngọc Sơn','2002-11-05'),('20021051','Đinh Xuân Tài','2001-10-19'),('20021052','Nguyễn Đức Tài','2002-01-26'),('20021053','Nguyễn Danh Tân','2002-01-11'),('20021054','Nguyễn Trọng Thái','2002-10-13'),('20021057','Lê Phước Thảo','2002-05-20'),('20021058','Lưu Văn Thạo','2002-03-27'),('20021060','Vũ Mạnh Thắng','2002-10-12'),('20021064','Chu Minh Tiến','2002-09-26'),('20021065','Phạm Văn Tỉnh','2002-01-05'),('20021066','Cao Cự Toàn','2002-06-18'),('20021067','Đinh Đức Toàn','2002-05-14'),('20021069','Nguyễn Văn Trung','2002-12-19'),('20021070','Phạm Thành Trung','2001-03-27'),('20021071','Lê Đắc Tú','2002-03-17'),('20021072','Nguyễn Thanh Tú','2002-11-30'),('20021074','Đào Xuân Tùng','2002-01-24'),('20021075','Vũ Xuân Tùng','2002-08-17'),('20021077','Trương Trung Việt','2002-12-30'),('20021078','Nguyễn Đình Vinh','2002-10-24'),('20021084','Nguyễn Việt Anh','2002-12-23'),('20021090','Trần Thanh Bình','2002-12-12'),('20021116','Đặng Tiến Đông','2002-03-22'),('20021124','Nguyễn Trọng Hiệp','2002-03-13'),('20021125','Vũ Văn Hiệp','2002-10-18'),('20021134','Nguyễn Huy Hoàng','2002-11-04'),('20021152','Đào Nguyễn Hải Linh','2002-11-09'),('20021153','Trương Duy Linh','2002-07-08'),('20021157','Đàm Thị Lương','2002-02-19'),('20021239','Trịnh Việt Huy','2002-09-27'),('20021296','Trần Đức Anh','2002-08-03'),('20021299','Bùi Văn Bách','2002-07-02'),('20021302','Tạ Thành Bảo','2002-03-07'),('20021305','Hoàng Mạnh Bình','2002-10-16'),('20021311','Lê Quốc Cường','2002-11-05'),('20021327','Nguyễn Tiến Đạt','2002-02-06'),('20021336','Nguyễn Anh Đức','2002-07-23'),('20021360','Nguyễn Bùi Việt Hoàng','2002-03-06'),('20021365','Đỗ Quang Huy','2002-08-27'),('20021376','Nguyễn Công Khoa','2002-12-31'),('20021377','Phạm Huy Khôi','2002-02-25'),('20021398','Nguyễn Tuấn Nam','2002-06-29'),('20021428','Bùi Minh Sơn','2002-09-09'),('20021441','Hoàng Nam Thế','2002-01-01'),('20021478','Trịnh Công Vinh','2002-02-27'),('20021607','Tạ Minh Hoàng','2001-01-12'),('21020007','Huỳnh Tiến Dũng','2003-07-31'),('21020010','Trần Thùy Dương','2003-08-12'),('21020020','Đào Vũ Minh Khánh','2003-10-20'),('21020024','Dương Hồng Nam','2003-03-20'),('21020028','Trần Quang Tài','2003-01-15'),('21020030','Nguyễn Anh Tú','2003-07-18'),('21020032','Đỗ Minh Tuấn','2003-05-12'),('21020033','Vũ Quốc Tuấn','2003-11-01'),('21020037','Nguyễn Đức Thuận','2003-01-01'),('21020042','Tạ Quang Chiến','2003-11-19'),('21020043','Nguyễn Việt Dũng','2003-11-11'),('21020046','Ngô Đức Huy','2003-11-07'),('21020052','Nguyễn Thị Ngọc Ánh','2003-04-29'),('21020060','Cao Thị Thùy Dương','2003-03-28'),('21020061','Nguyễn Phan Dương','2003-07-28'),('21020066','Nguyễn Tiến Hải','2003-04-02'),('21020067','Trần Đình Đỗ Hải','2003-06-24'),('21020073','Đỗ Huy Hoàng','2003-05-18'),('21020088','Lê Khả Thái Sơn','2003-03-05'),('21020093','Vũ Minh Tuấn','2003-10-13'),('21020126','Đỗ Nhữ Hoàng Nam','2003-02-11'),('21020154','Nguyễn Ngọc Yến Trang','2003-12-30'),('21020156','Nguyễn Bình Minh','2003-12-18'),('21020159','Phan Quốc An','2003-09-08'),('21020160','Đỗ Quang Anh','2003-09-25'),('21020162','Hoàng Việt Anh','2003-02-08'),('21020173','Nguyễn Viết Cường','2003-04-28'),('21020174','Lê Ngọc Minh Châu','2003-01-01'),('21020178','Nguyễn Anh Duy','2003-12-22'),('21020181','Nguyễn Đức Dương','2003-09-15'),('21020182','Nguyễn Hoàng Tùng Dương','2003-10-31'),('21020183','Nguyễn Tiến Đạt','2003-11-07'),('21020184','Trần Huy Đạt','2003-06-28'),('21020185','Đặng Hải Đăng','2003-11-13'),('21020191','Bùi Đức Hải','2003-06-07'),('21020192','Đỗ Lý Minh Hải','2003-10-03'),('21020194','Vũ Quang Hải','2003-06-25'),('21020196','Lương Nhật Hào','2003-07-09'),('21020197','Đinh Xuân Hiền','2003-10-14'),('21020199','Trịnh Đức Hiệp','2003-02-17'),('21020200','Phí Minh Hiếu','2003-06-22'),('21020202','Phạm Việt Hồng','2003-08-29'),('21020203','Bùi Tấn Huy','2003-03-04'),('21020204','Nguyễn Quang Huy','2003-07-29'),('21020207','Đoàn Đức Kiên','2003-09-04'),('21020212','Nguyễn Tùng Lâm','2003-01-11'),('21020216','Nguyễn Tuấn Lộc','2003-08-31'),('21020219','Dương Quang Minh','2003-11-09'),('21020220','Đoàn Ngọc Minh','2003-04-04'),('21020222','Nguyễn Đức Nam','2003-07-21'),('21020223','Nguyễn Hải Nam','2003-03-04'),('21020225','Đinh Văn Khôi Nguyên','2003-12-15'),('21020236','Lê Danh Sơn','2003-08-31'),('21020237','Nguyễn Ngọc Tuấn','2003-06-29'),('21020238','Hoàng Trọng Tùng','2003-03-12'),('21020240','Đỗ Minh Thái','2003-07-05'),('21020260','Phạm Huy Anh','2003-09-27'),('21020276','Nguyễn Tuấn Anh','2003-05-23'),('21020280','Trần Đình Tuấn Anh','2003-10-01'),('21020285','Nguyễn Ngọc Cường','2003-02-23'),('21020288','Lưu Đình Chính','2003-06-17'),('21020294','Nguyễn Khánh Duy','2003-11-25'),('21020296','Phạm Văn Sơn Dương','2003-06-10'),('21020297','Lê Minh Đạt','2003-10-13'),('21020300','Nguyễn Trường Đạt','2003-09-07'),('21020312','Dương Hoàng Hải','2003-10-05'),('21020313','Nguyễn Đăng Hải','2003-09-30'),('21020321','Vũ Thế Hoàn','2003-02-09'),('21020333','Nguyễn Trọng Bảo Hưng','2003-12-26'),('21020339','Nguyễn Đức Kiên','2003-07-30'),('21020345','Đặng Minh Khôi','2003-11-28'),('21020348','Hoàng Hải Long','2003-12-13'),('21020349','Nguyễn Hải Long','2003-08-25'),('21020358','Nguyễn Thị Ngọc Minh','2003-05-16'),('21020359','Phạm Quang Minh','2003-11-29'),('21020361','Lê Hải Nam','2003-04-09'),('21020364','Bùi Tuấn Nghĩa','2003-03-07'),('21020366','Lê Vũ Minh Nghĩa','2003-07-10'),('21020394','Kiều Minh Tuấn','2003-01-05'),('21020407','Nguyễn Đức Thiện','2003-11-18'),('21020415','Nguyễn Tử Trung','2003-12-10'),('21020417','Phạm Xuân Trường','2003-10-12'),('21020418','Trần Xuân Trường','2003-12-11'),('21020427','Nguyễn Nhật Anh','2003-11-01'),('21020428','Nguyễn Trung Phúc Anh','2003-02-04'),('21020445','Phạm Thị Mỹ Lệ','2003-07-22'),('21020462','Phùng Thành Đạt','2003-08-26'),('21020468','Nguyễn Hồng Lĩnh','2003-12-08'),('21020475','Lê Ngọc Nhật Tân','2003-04-14'),('21020485','Vương Tiến Dũng','2003-10-04'),('21020494','Nguyễn Thị Thanh Ngọc','2003-12-04'),('21020495','Hoàng Văn Nguyên','2003-03-11'),('21020511','Trần Nam Dân','2003-03-30'),('21020514','Nguyễn Mạnh Đức','2003-11-16'),('21020517','Nghiêm Minh Hoàng','2003-12-16'),('21020518','Hoàng Mạnh Hùng','2003-11-21'),('21020519','Bùi Đức Huy','2003-07-07'),('21020522','Hoàng Hùng Mạnh','2003-11-21'),('21020525','Bùi Trần Hải Nam','2003-09-25'),('21020528','Phạm Đàm Quân','2003-09-02'),('21020535','Vũ Ngọc Anh','2003-09-23'),('21020540','Công Nghĩa Hiếu','2003-12-13'),('21020546','Nguyễn Trọng Lĩnh','2003-02-23'),('21020551','Đoàn Phúc Nguyên','2003-09-16'),('21020553','Hoàng Minh Quân','2003-02-07'),('21020556','Nguyễn Đức Tùng','2003-08-18'),('21020562','Nguyễn Hồ Khánh','2003-10-08'),('21020607','Phạm Hoàng Ân','2003-01-09'),('21020612','Nguyễn Huy Dũng','2003-11-25'),('21020613','Phạm Đức Dũng','2003-02-21'),('21020614','Phạm Hoàng Dũng','2003-01-03'),('21020620','Ngô Minh Đức','2003-05-19'),('21020622','Đình Minh Hải','2003-05-15'),('21020625','Đoàn Khánh Hiển','2003-06-18'),('21020627','Nguyễn Trung Hiếu','2003-02-28'),('21020629','Nguyễn Mạnh Hoàng','2003-07-17'),('21020631','Trần Bá Hoàng','2003-10-18'),('21020637','Hoàng Trung Kiên','2003-12-21'),('21020638','Nguyễn Minh Kiên','2003-08-14'),('21020639','Phùng Chí Kiên','2003-08-20'),('21020642','Lê Văn Khoa','2003-01-08'),('21020649','Lê Vũ Minh','2003-09-13'),('21020650','Nguyễn Cao Đức Minh','2003-11-27'),('21020654','Võ Kim Minh','2003-02-21'),('21020660','Nguyễn Công Tuấn Phương','2003-11-15'),('21020671','Trần Lê Thành Trung','2003-12-13'),('21020691','Phạm Lê Kim','2003-06-08'),('21020716','Vũ Trọng Hiệu','2003-01-11'),('21020721','Cao Ngô Hoàng Dũng','2003-11-28'),('21020728','Hồ Xuân Đạt','2003-05-29'),('21020738','Hoàng Phi Hùng','2003-01-10'),('21020761','Lê Anh Đức','2003-08-25'),('21020763','Phùng Huy Hoàng','2003-09-06'),('21020765','Nguyễn Ngọc Huy','2003-07-27'),('21020801','Hà Đức Anh','2003-07-02'),('21020903','Nguyễn Đình Đức','2003-12-28'),('21020915','Ngô Quang Huy','2003-08-06'),('21020916','Trương Quang Huy','2003-06-02'),('21020917','Dương Bá Hưng','2003-03-19'),('21020920','Lý Bảo Khánh','2003-10-12'),('21020922','Lê Đức Lâm','2001-06-14'),('21020959','Lê Duy Cương','2003-09-12'),('21021070','Nguyễn Phúc Gia Anh','2003-12-17'),('21021072','Chu Văn Bảo','2001-12-14'),('21021081','Nguyễn Mạnh Điệp','2003-03-27'),('21021087','Lê Trung Hiếu','2003-05-26'),('21021107','Trần Hữu Nam','2003-07-01'),('21021148','Nguyễn Tiến Anh','2002-12-25'),('21021200','Nguyễn Thị Hương','2003-05-13'),('21021208','Đinh Xuân Lộc','2002-05-19'),('21021219','Lê Anh Nhật','2003-08-17'),('21021223','Mai Hồng Phong','2003-08-02'),('21021225','Nguyễn Văn Phúc','2003-02-03'),('21021235','Trần Đức Tân','2003-06-10'),('21021242','Trần Thu Thủy','2003-03-22'),('21021243','Lê Khánh Toàn','2003-08-18'),('21021246','Nguyễn Hữu Trường','2002-07-09'),('21021250','Phạm Thanh Việt','2002-07-05'),('21021267','Trần Đức Anh','2003-08-02'),('21021273','Đồng Văn Dũng','2003-06-01'),('21021275','Yên Thế Duy','2003-05-08'),('21021314','Nguyễn Quang Huy','2003-07-02'),('21021320','Đỗ Khánh Hưng','2003-02-13'),('21021323','Vũ Duy Hưng','2003-09-08'),('21021327','Nguyễn Hữu Khánh','2003-01-28'),('21021328','Lê Quý Minh Khoa','2003-08-16'),('21021411','Ninh Hải Đăng','2003-04-04'),('21021453','Hà Tùng Anh','2003-11-11'),('21021460','Quách Mạnh Cường','2003-11-01'),('21021461','Nguyễn Văn Doanh','2003-04-20'),('21021463','Đỗ Tiến Dũng','2003-10-14'),('21021464','Hồ Xuân Dũng','2003-04-19'),('21021466','Lương Đình Dũng','2003-02-08'),('21021469','Vũ Hoàng Duy','2003-10-11'),('21021470','Đồng Văn Dương','2003-11-17'),('21021475','Đỗ Thành Đạt','2003-04-14'),('21021477','Trịnh Xuân Đạt','2003-02-12'),('21021478','Nguyễn Khoa Đăng','2003-04-08'),('21021481','Phan Anh Đức','2003-11-02'),('21021490','Cao Trung Hiếu','2003-04-02'),('21021492','Nguyễn Trung Hiếu','2003-10-28'),('21021494','Trần Minh Hiếu','2003-01-11'),('21021496','Đinh Nho Hoàng','2003-08-13'),('21021500','Nguyễn Tiến Huân','2003-10-15'),('21021502','Lê Mạnh Hùng','2003-04-04'),('21021505','Nguyễn Việt Hùng','2003-09-20'),('21021506','Lương Sỹ Khánh','2003-11-15'),('21021507','Nguyễn Thế Khôi','2003-03-26'),('21021509','Nguyễn Khắc Kiên','2003-03-07'),('21021511','Phạm Trung Kiên','2003-04-04'),('21021517','Hoàng Tuấn Minh','2003-11-07'),('21021528','Bùi Minh Quang','2003-05-19'),('21021535','Nguyễn Minh Quân','2003-05-13'),('21021536','Trần Minh Quân','2003-02-28'),('21021538','Nguyễn Anh Sơn','2003-07-03'),('21021539','Nguyễn Phúc Sơn','2003-04-19'),('21021541','Lê Tiến Thành','2003-07-27'),('21021579','Phạm Minh Hải','2003-11-16'),('21021620','Lê Trọng Nghĩa','2003-06-16'),('21021660','Lương Phùng Nhâm','2002-03-01'),('21021683','Tô Tuấn Dũng','2001-03-18'),('22021100','Nguyễn Bá Hoàng Anh','2004-08-20'),('22021115','Đào Lê Bảo Minh','2004-02-13'),('22021133','Nguyễn Hùng Dũng','2004-11-23'),('22021136','Đỗ Viết Minh','2004-11-25'),('22021144','Tiên Minh Hòa','2004-07-23'),('22021151','Hoàng Đức Mạnh','2004-07-03'),('22021165','Trần Anh Đức','2004-10-02'),('22021169','Nguyễn Ngọc Hiệp','2004-01-22'),('22021170','Hoàng Ngọc Hưng','2004-04-24'),('22021172','Tô Hữu Bằng','2004-09-05'),('22021191','Nguyễn Xuân Khải','2004-01-23'),('22021193','Diệp Xuân Linh','2004-02-05'),('22021211','Nguyễn Việt Cường','2004-07-27'),('22021505','Dương Văn Nam','2004-06-15'),('22021529','Phan Nhật Anh','2004-02-17'),('22021581','Lại Trung Nghĩa','2004-12-13'),('22022163','Đỗ Nhất Anh','2004-04-26'),('22022556','Vũ Minh Khải','2004-01-15'),('22022659','Dương Phương Hiểu','2004-11-27'),('22023171','Bùi Tiến Mạnh','2004-10-10'),('22023508','Vũ Đức Hiếu','2004-06-20'),('22024558','Lương Gia Khánh','2004-04-25'),('22025100','Phạm Huy Hòa','2004-06-19'),('22025102','Nguyễn Xuân Thành','2004-08-04'),('22025104','Nguyễn Hữu Hiệp','1997-10-20'),('22025105','Nguyễn Viết Tình','2004-12-20'),('22025111','Nguyễn Việt Hùng','2004-02-05'),('22025120','Đào Duy Thái','2004-10-20'),('22025125','Đặng Tuấn Phong','2004-11-22'),('22025126','Chu Quốc Hùng','2004-04-02'),('22025127','Đỗ Thúy Ngân','2004-01-01'),('22025137','Lê Trung Kiên','2004-06-07'),('22025142','Nguyễn Hải Anh','2004-07-12'),('22025149','Lê Quý Dương','2004-04-29'),('22025159','Tăng Văn Cảnh','2004-08-10'),('22025163','Phạm Quang Vinh','2004-10-25'),('22025164','Đàm Văn Thường','2004-04-26'),('22025167','Nguyễn Hữu Long','2004-01-11'),('22025176','Hoàng Hữu Thịnh','2004-07-18'),('22025179','Nguyễn Văn Nguyên','2004-09-28'),('22025194','Trương Anh Tú','2004-05-10'),('22025197','Mạc Anh Tuấn','2004-04-02'),('22025204','Nguyễn Tiến Thành','2004-06-15'),('22025500','Bùi Tuấn Minh','2004-05-28'),('22025517','Nguyễn Minh Châu','2004-01-22'),('22027115','Nguyễn Văn Lâm','2003-07-15'),('22027179','Vương Thị Ngọc Huyền','2003-09-19'),('22028007','Nguyễn Hoàng Dương','2004-01-19'),('22028008','Nguyễn Huy Minh','2004-10-01'),('22028025','Hà Đức Hùng','2004-05-04'),('22028036','Khổng Quang Huy','2004-03-15'),('22028039','Hoàng Minh Đức','2004-04-06'),('22028067','Kiều Minh Khuê','2004-11-18'),('22028077','Nguyễn Quang Huy','2004-08-11'),('22028089','Lê Thế Phương Minh','2004-09-11'),('22028090','Dương Quốc Khánh','2004-07-23'),('22028106','Trần Nguyên Bảo','2004-10-03'),('22028113','Nguyễn Thành Đạo','2004-09-10'),('22028118','Nguyễn Văn Hưng','2004-01-30'),('22028145','Bùi Thị Ngọc Ánh','2004-06-05'),('22028175','Bùi Quốc Khánh','2004-09-05'),('22028177','Nguyễn Hải Nam','2004-03-01'),('22028188','Hoàng Văn Dũng','2004-10-02'),('22028193','Bùi Thế Công','2004-03-23'),('22028200','Nguyễn Quang Cảnh','2004-01-05'),('22028222','Lê Thành Doanh','2004-11-24'),('22028258','Đàm Việt Cường','2004-10-06'),('22028266','Tống Vũ Hoàng','2004-06-14'),('22028317','Trương Sỹ Đạt','2004-09-27'),('22028329','Vương Nguyệt Bình','2004-09-22'),('22029091','Tào Mạnh Đức','2004-07-04');
/*!40000 ALTER TABLE `students` ENABLE KEYS */;
UNLOCK TABLES;

--
-- Table structure for table `studymaterials`
--

DROP TABLE IF EXISTS `studymaterials`;
/*!40101 SET @saved_cs_client     = @@character_set_client */;
/*!50503 SET character_set_client = utf8mb4 */;
CREATE TABLE `studymaterials` (
  `courseID` varchar(10) NOT NULL,
  `materialID` int NOT NULL,
  `name` text,
  `link` longtext,
  `courseTitle` text,
  `author` text,
  `publisher` varchar(45) DEFAULT NULL,
  `publishYear` varchar(45) DEFAULT NULL,
  `imageLink` text,
  PRIMARY KEY (`courseID`,`materialID`),
  CONSTRAINT `courseID` FOREIGN KEY (`courseID`) REFERENCES `courses` (`courseID`) ON DELETE CASCADE ON UPDATE CASCADE
) ENGINE=InnoDB DEFAULT CHARSET=utf8mb4 COLLATE=utf8mb4_0900_ai_ci;
/*!40101 SET character_set_client = @saved_cs_client */;

--
-- Dumping data for table `studymaterials`
--

LOCK TABLES `studymaterials` WRITE;
/*!40000 ALTER TABLE `studymaterials` DISABLE KEYS */;
INSERT INTO `studymaterials` VALUES ('BSA2002',278,'nan','nan','Nguyên lý marketing','nan','nan','nan','nan'),('CTE2007',242,'nan','https://daotao.vnu.edu.vn/dkmh/default.asp/../../DeCuong/2/7. Hình học họa hình_CTE2007.pdf','Hình họa - họa hình','nan','nan','nan','nan'),('CTE2010',222,'nan','https://daotao.vnu.edu.vn/dkmh/default.asp/../../DeCuong/2/10. Cơ học đất_ CTE2010.pdf','Cơ học đất','nan','nan','nan','nan'),('CTE2011',121,'Vật liệu xây dựng (Tái bản lần thứ 9)','https://bookworm.vnu.edu.vn/EDetail.aspx?id=79348&f=nhande&v=V%u1eadt+li%u1ec7u+x%u00e2y+d%u1ef1ng','Vật liệu xây dựng','nan','Giáo Dục','2005','https://bookworm.vnu.edu.vn/ViewEImage.ashx?id=79348'),('CTE2011',122,'Bài tập vật liệu xây dựng (Tái bản lần thứ 11)','https://bookworm.vnu.edu.vn/EDetail.aspx?id=169869&f=nhande&v=V%u1eadt+li%u1ec7u+x%u00e2y+d%u1ef1ng','Vật liệu xây dựng','nan','Giáo dục','2008','https://bookworm.vnu.edu.vn/ViewEImage.ashx?id=169869'),('CTE2011',123,'Giáo trình vật liệu xây dựng (Dành cho hệ đào tạo Trung học chuyên nghiệp và Dạy nghề)','https://bookworm.vnu.edu.vn/EDetail.aspx?id=169867&f=nhande&v=V%u1eadt+li%u1ec7u+x%u00e2y+d%u1ef1ng','Vật liệu xây dựng','Phùng, Văn Lự','Giáo dục','2012','https://bookworm.vnu.edu.vn/ViewEImage.ashx?id=169867'),('CTE2011',331,'nan','https://daotao.vnu.edu.vn/dkmh/default.asp/../../DeCuong/2/11. Vật liệu xây dựng_CTE2011.pdf','Vật liệu xây dựng','nan','nan','nan','nan'),('CTE2012',259,'nan','https://daotao.vnu.edu.vn/dkmh/default.asp/../../DeCuong/2/12.Kinh_Te_Xay_Dung_CTE2012.pdf','Kinh tế xây dựng','nan','nan','nan','nan'),('CTE2013',228,'nan','https://daotao.vnu.edu.vn/dkmh/default.asp/../../DeCuong/2/13. Cơ sở quy hoạch_CTE2013.pdf','Cơ sở Quy hoạch','nan','nan','nan','nan'),('CTE3001',275,'nan','https://daotao.vnu.edu.vn/dkmh/default.asp/../../DeCuong/2/16. Nền và móng_CTE3001.pdf','Nền và móng','nan','nan','nan','nan'),('CTE3002',58,'Dự báo thuỷ văn','https://bookworm.vnu.edu.vn/EDetail.aspx?id=27270&f=nhande&v=Th%u1ee7y+v%u0103n','Thủy văn','Nguyễn, Văn Tuần ; Đoàn, Quyết Trung ; Bùi, Văn Đức','Đại học Quốc gia Hà Nội','2001','https://bookworm.vnu.edu.vn/ViewEImage.ashx?id=27270'),('CTE3002',59,'Địa lý thuỷ văn','https://bookworm.vnu.edu.vn/EDetail.aspx?id=27271&f=nhande&v=Th%u1ee7y+v%u0103n','Thủy văn','Nguyễn, Hữu Khải ; Nguyễn, Văn Tuần','Đại học Quốc gia Hà Nội','2001','https://bookworm.vnu.edu.vn/ViewEImage.ashx?id=27271'),('CTE3002',60,'Địa lý thủy văn','https://bookworm.vnu.edu.vn/EDetail.aspx?id=26361&f=nhande&v=Th%u1ee7y+v%u0103n','Thủy văn','Nguyễn, Hữu Khải ; Nguyễn, Văn Tuần','H : ĐHQGHN','2001','https://bookworm.vnu.edu.vn/ViewEImage.ashx?id=26361'),('CTE3002',61,'Tính toán thuỷ văn','https://bookworm.vnu.edu.vn/EDetail.aspx?id=27184&f=nhande&v=Th%u1ee7y+v%u0103n','Thủy văn','Nguyễn, Thanh Sơn','Đại học Quốc gia Hà Nội','2003','https://bookworm.vnu.edu.vn/ViewEImage.ashx?id=27184'),('CTE3002',62,'Dự báo thủy văn biển','https://bookworm.vnu.edu.vn/EDetail.aspx?id=32871&f=nhande&v=Th%u1ee7y+v%u0103n','Thủy văn','Phạm, Văn Huấn','Đại học Quốc gia Hà Nội','2002','https://bookworm.vnu.edu.vn/ViewEImage.ashx?id=32871'),('CTE3002',63,'Mô hình toán thuỷ văn','https://bookworm.vnu.edu.vn/EDetail.aspx?id=27053&f=nhande&v=Th%u1ee7y+v%u0103n','Thủy văn','Nguyễn, Hữu Khải ; Nguyễn, Thanh Sơn','ĐHQGHN','2003','https://bookworm.vnu.edu.vn/ViewEImage.ashx?id=27053'),('CTE3002',64,'Địa chất thủy văn môi trường','https://bookworm.vnu.edu.vn/EDetail.aspx?id=169466&f=nhande&v=Th%u1ee7y+v%u0103n','Thủy văn','nan','Đại học Quốc gia Hà Nội','2004','https://bookworm.vnu.edu.vn/ViewEImage.ashx?id=169466'),('CTE3002',65,'Thuỷ văn học đại cương. Tập 1','https://bookworm.vnu.edu.vn/EDetail.aspx?id=36712&f=nhande&v=Th%u1ee7y+v%u0103n','Thủy văn','nan','Khoa học và Kỹ thuật','1991','https://bookworm.vnu.edu.vn/ViewEImage.ashx?id=36712'),('CTE3002',66,'Phân tích thống kê trong thủy văn','https://bookworm.vnu.edu.vn/EDetail.aspx?id=32671&f=nhande&v=Th%u1ee7y+v%u0103n','Thủy văn','Nguyễn, Hữu Khải','Đại học Quốc gia Hà Nội','2010','https://bookworm.vnu.edu.vn/ViewEImage.ashx?id=32671'),('CTE3002',67,'Thuỷ văn học đại cương. Tập 2','https://bookworm.vnu.edu.vn/EDetail.aspx?id=36713&f=nhande&v=Th%u1ee7y+v%u0103n','Thủy văn','nan','Khoa học và Kỹ thuật','1991','https://bookworm.vnu.edu.vn/ViewEImage.ashx?id=36713'),('CTE3002',68,'Đo đạc và chỉnh lý số liệu thuỷ văn','https://bookworm.vnu.edu.vn/EDetail.aspx?id=27164&f=nhande&v=Th%u1ee7y+v%u0103n','Thủy văn','Nguyễn, Thanh Sơn','Đại học Quốc gia Hà Nội','2003','https://bookworm.vnu.edu.vn/ViewEImage.ashx?id=27164'),('CTE3002',69,'Mô hình toán thủy văn lưu vực nhỏ = Hydrologic modeling of small watersheds','https://bookworm.vnu.edu.vn/EDetail.aspx?id=169355&f=nhande&v=Th%u1ee7y+v%u0103n','Thủy văn','nan','Đại học Quốc Gia Hà nội','2003','https://bookworm.vnu.edu.vn/ViewEImage.ashx?id=169355'),('CTE3002',70,'Ngôn ngữ lập trình Fortran và ứng dụng trong khí tượng thuỷ văn','https://bookworm.vnu.edu.vn/EDetail.aspx?id=24853&f=nhande&v=Th%u1ee7y+v%u0103n','Thủy văn','Phạm, Văn Huấn','H. : Nông nghiệp','2005','https://bookworm.vnu.edu.vn/ViewEImage.ashx?id=24853'),('CTE3002',71,'Cơ sở lý thuyết hàm ngẫu nhiên và ứng dụng trong khí tượng thuỷ văn','https://bookworm.vnu.edu.vn/EDetail.aspx?id=27052&f=nhande&v=Th%u1ee7y+v%u0103n','Thủy văn','Kazakevits, Đ. I.','Đại học Quốc gia Hà Nội','2005','https://bookworm.vnu.edu.vn/ViewEImage.ashx?id=27052'),('CTE3002',72,'Tuyển tập báo cáo : Hội thảo khoa học về khí hậu, thủy văn, môi trường và biến đổi khí hậu ( Lần thứ XX)','https://bookworm.vnu.edu.vn/EDetail.aspx?id=26095&f=nhande&v=Th%u1ee7y+v%u0103n','Thủy văn','Nguyễn, Đức Ngữ ; Nguyễn, Trọng Hiếu','Khoa học và kỹ thuật','2017','https://bookworm.vnu.edu.vn/ViewEImage.ashx?id=26095'),('CTE3002',73,'Sổ tay kỹ thuật thuỷ lợi. Phần1: Cơ sở kỹ thuật thuỷ lợi, Tập 4: Thuỷ văn. Bùn cát. Điều tiết dòng chảy. Thuỷ lực. Kinh tế tài nguyên nước và môi trường','https://bookworm.vnu.edu.vn/EDetail.aspx?id=168965&f=nhande&v=Th%u1ee7y+v%u0103n','Thủy văn','nan','Nông nghiệp','2005','https://bookworm.vnu.edu.vn/ViewEImage.ashx?id=168965'),('CTE3002',311,'nan','https://daotao.vnu.edu.vn/dkmh/default.asp/../../DeCuong/2/17. Thủy văn_CTE3002.pdf','Thủy văn','nan','nan','nan','nan'),('CTE3003',249,'nan','https://daotao.vnu.edu.vn/dkmh/default.asp/../../DeCuong/2/18. Kết cấu bê tông_CTE3003.pdf','Kết cấu bê tông','nan','nan','nan','nan'),('CTE3005',74,'Trắc địa','https://bookworm.vnu.edu.vn/EDetail.aspx?id=22970&f=nhande&v=Tr%u1eafc+%u0111%u1ecba','Trắc địa','Nguyễn, Quang Tác ; Bùi, Văn Deo','Xây dựng','2009','https://bookworm.vnu.edu.vn/ViewEImage.ashx?id=22970'),('CTE3005',75,'Trắc địa ảnh','https://bookworm.vnu.edu.vn/EDetail.aspx?id=78317&f=nhande&v=Tr%u1eafc+%u0111%u1ecba','Trắc địa','Trương, Anh Kiệt','Khoa học và kỹ thuật','2005','https://bookworm.vnu.edu.vn/ViewEImage.ashx?id=78317'),('CTE3005',76,'Trắc địa đại cương','https://bookworm.vnu.edu.vn/EDetail.aspx?id=146300&f=nhande&v=Tr%u1eafc+%u0111%u1ecba','Trắc địa','Trần, Văn Quảng','Xây dựng','2001','https://bookworm.vnu.edu.vn/ViewEImage.ashx?id=146300'),('CTE3005',77,'Trắc địa ứng dụng','https://bookworm.vnu.edu.vn/EDetail.aspx?id=33036&f=nhande&v=Tr%u1eafc+%u0111%u1ecba','Trắc địa','Nguyễn, Thế Thận','Xây dựng','2010','https://bookworm.vnu.edu.vn/ViewEImage.ashx?id=33036'),('CTE3005',78,'Trắc địa đại cương','https://bookworm.vnu.edu.vn/EDetail.aspx?id=169876&f=nhande&v=Tr%u1eafc+%u0111%u1ecba','Trắc địa','Pham, Văn Chuyên','Giao thông vận tải','2002','https://bookworm.vnu.edu.vn/ViewEImage.ashx?id=169876'),('CTE3005',79,'Bình sai lưới trắc địa','https://bookworm.vnu.edu.vn/EDetail.aspx?id=78313&f=nhande&v=Tr%u1eafc+%u0111%u1ecba','Trắc địa','nan','Khoa học và kỹ thuật','1979','https://bookworm.vnu.edu.vn/ViewEImage.ashx?id=78313'),('CTE3005',80,'Trắc địa xây dựng thực hành','https://bookworm.vnu.edu.vn/EDetail.aspx?id=33037&f=nhande&v=Tr%u1eafc+%u0111%u1ecba','Trắc địa','Vũ Thặng','Xây dựng','2011','https://bookworm.vnu.edu.vn/ViewEImage.ashx?id=33037'),('CTE3005',81,'Trắc địa: Quy hoạch đường và đô thị (tái bản)','https://bookworm.vnu.edu.vn/EDetail.aspx?id=36872&f=nhande&v=Tr%u1eafc+%u0111%u1ecba','Trắc địa','Vũ, Thặng','Xây dựng','2010','https://bookworm.vnu.edu.vn/ViewEImage.ashx?id=36872'),('CTE3005',82,'Bình sai tính toán lưới trắc địa và GPS/GNSS','https://bookworm.vnu.edu.vn/EDetail.aspx?id=164172&f=nhande&v=Tr%u1eafc+%u0111%u1ecba','Trắc địa','Hoàng, Ngọc Hà','Khoa học và Kỹ thuật','2020','https://bookworm.vnu.edu.vn/ViewEImage.ashx?id=164172'),('CTE3005',83,'Giáo trình Trắc địa đại cương (Tái bản lần thứ 6)','https://bookworm.vnu.edu.vn/EDetail.aspx?id=169874&f=nhande&v=Tr%u1eafc+%u0111%u1ecba','Trắc địa','Nguyễn, Tấn Lộc','Đại học Quốc gia Thành phố Hồ Chí Minh','2012','https://bookworm.vnu.edu.vn/ViewEImage.ashx?id=169874'),('CTE3005',324,'nan','https://daotao.vnu.edu.vn/dkmh/default.asp/../../DeCuong/2/20. Trắc địa_CTE3005.pdf','Trắc địa','nan','nan','nan','nan'),('EET2001',139,'Thực tập hoá học hữu cơ','https://bookworm.vnu.edu.vn/EDetail.aspx?id=27626&f=nhande&v=H%u00f3a+h%u1ecdc+h%u1eefu+c%u01a1','Hóa học hữu cơ','Ngô, Thị Thuận','Đại học Quốc Gia Hà Nội','2001','https://bookworm.vnu.edu.vn/ViewEImage.ashx?id=27626'),('EET2001',140,'Hóa học hữu cơ. Tập 2','https://bookworm.vnu.edu.vn/EDetail.aspx?id=34419&f=nhande&v=H%u00f3a+h%u1ecdc+h%u1eefu+c%u01a1','Hóa học hữu cơ','Đặng, Như Tại ; Ngô, Thị Nhuận','Giáo dục Việt Nam','2012','https://bookworm.vnu.edu.vn/ViewEImage.ashx?id=34419'),('EET2001',141,'Thực tập hoá học hữu cơ','https://bookworm.vnu.edu.vn/EDetail.aspx?id=27745&f=nhande&v=H%u00f3a+h%u1ecdc+h%u1eefu+c%u01a1','Hóa học hữu cơ','Ngô, Thị Thuận ; Nguyễn, Minh Thảo ; Văn, Ngọc Hướng ; Nguyễn, Thị Huệ ; Nguyễn, Hữu Định','Đại học Quốc gia Hà Nội','2001','https://bookworm.vnu.edu.vn/ViewEImage.ashx?id=27745'),('EET2001',142,'Hóa học hữu cơ tập II','https://bookworm.vnu.edu.vn/EDetail.aspx?id=22799&f=nhande&v=H%u00f3a+h%u1ecdc+h%u1eefu+c%u01a1','Hóa học hữu cơ','Đỗ Đình Ràng, Nguyễn Hồ','H: Đại học Quốc gia Hà Nội','1997','https://bookworm.vnu.edu.vn/ViewEImage.ashx?id=22799'),('EET2001',143,'Hóa học hữu cơ. Tập 1','https://bookworm.vnu.edu.vn/EDetail.aspx?id=22798&f=nhande&v=H%u00f3a+h%u1ecdc+h%u1eefu+c%u01a1','Hóa học hữu cơ','nan','H. : Đại học Quốc gia Hà Nội','1997','https://bookworm.vnu.edu.vn/ViewEImage.ashx?id=22798'),('EET2001',144,'Hoá học hữu cơ. Tập 1','https://bookworm.vnu.edu.vn/EDetail.aspx?id=27070&f=nhande&v=H%u00f3a+h%u1ecdc+h%u1eefu+c%u01a1','Hóa học hữu cơ','nan','Đại học Quốc gia Hà Nội','1997','https://bookworm.vnu.edu.vn/ViewEImage.ashx?id=27070'),('EET2001',145,'Hóa học hữu cơ. Tập 1','https://bookworm.vnu.edu.vn/EDetail.aspx?id=34005&f=nhande&v=H%u00f3a+h%u1ecdc+h%u1eefu+c%u01a1','Hóa học hữu cơ','Đặng, Như Tại ; Ngô, Thị Thuận','Giáo dục','2010','https://bookworm.vnu.edu.vn/ViewEImage.ashx?id=34005'),('EET2001',146,'Tuyển tập bài giảng hoá học hữu cơ','https://bookworm.vnu.edu.vn/EDetail.aspx?id=22843&f=nhande&v=H%u00f3a+h%u1ecdc+h%u1eefu+c%u01a1','Hóa học hữu cơ','Cao, Cự Giác','ĐHQG HN','2001','https://bookworm.vnu.edu.vn/ViewEImage.ashx?id=22843'),('EET2001',147,'Cơ sở hoá học hữu cơ. Tập 1','https://bookworm.vnu.edu.vn/EDetail.aspx?id=32421&f=nhande&v=H%u00f3a+h%u1ecdc+h%u1eefu+c%u01a1','Hóa học hữu cơ','Thái, Doãn Tĩnh','Khoa học kỹ thuật','2009','https://bookworm.vnu.edu.vn/ViewEImage.ashx?id=32421'),('EET2001',148,'Cơ sở hoá học hữu cơ. Tập 1','https://bookworm.vnu.edu.vn/EDetail.aspx?id=32245&f=nhande&v=H%u00f3a+h%u1ecdc+h%u1eefu+c%u01a1','Hóa học hữu cơ','Thái, Doãn Tĩnh','Khoa học kỹ thuật','2009','https://bookworm.vnu.edu.vn/ViewEImage.ashx?id=32245'),('EET2001',149,'Các phương pháp phổ trong hóa học hữu cơ','https://bookworm.vnu.edu.vn/EDetail.aspx?id=22814&f=nhande&v=H%u00f3a+h%u1ecdc+h%u1eefu+c%u01a1','Hóa học hữu cơ','Nguyễn, Đình Triệu','H.:ĐHQG HN','2006','https://bookworm.vnu.edu.vn/ViewEImage.ashx?id=22814'),('EET2001',150,'Phương pháp giải bài toán hoá học hữu cơ','https://bookworm.vnu.edu.vn/EDetail.aspx?id=27188&f=nhande&v=H%u00f3a+h%u1ecdc+h%u1eefu+c%u01a1','Hóa học hữu cơ','Trần, Thạch Văn','Đại học Quốc gia Hà Nội','2004','https://bookworm.vnu.edu.vn/ViewEImage.ashx?id=27188'),('EET2001',151,'Hóa học hữu cơ : phần bài tập. Tập 1','https://bookworm.vnu.edu.vn/EDetail.aspx?id=121973&f=nhande&v=H%u00f3a+h%u1ecdc+h%u1eefu+c%u01a1','Hóa học hữu cơ','Ngô, Thị Thuận','Khoa học và kỹ thuật','2006','https://bookworm.vnu.edu.vn/ViewEImage.ashx?id=121973'),('EET2001',152,'Hoá học hữu cơ phần bài tập. Tập 2','https://bookworm.vnu.edu.vn/EDetail.aspx?id=32422&f=nhande&v=H%u00f3a+h%u1ecdc+h%u1eefu+c%u01a1','Hóa học hữu cơ','Ngô, Thị Thuận','Khoa học kỹ thuật','2012','https://bookworm.vnu.edu.vn/ViewEImage.ashx?id=32422'),('EET2001',153,'Các phương pháp tổng hợp hóa học hữu cơ','https://bookworm.vnu.edu.vn/EDetail.aspx?id=26624&f=nhande&v=H%u00f3a+h%u1ecdc+h%u1eefu+c%u01a1','Hóa học hữu cơ','Nguyễn, Đình Triệu ... [et al.]','H. : ĐHQGHN','2015','https://bookworm.vnu.edu.vn/ViewEImage.ashx?id=26624'),('EET2001',154,'Cơ sở hóa học hữu cơ của thuốc hóa dược','https://bookworm.vnu.edu.vn/EDetail.aspx?id=29799&f=nhande&v=H%u00f3a+h%u1ecdc+h%u1eefu+c%u01a1','Hóa học hữu cơ','Soldatenkov A.T ; Kolyadina N.M ; Shendrik I.V ; Lê, Tuấn Anh','Đại học Quốc gia Hà Nội','2010','https://bookworm.vnu.edu.vn/ViewEImage.ashx?id=29799'),('EET2001',155,'Giáo trình cơ sở hoá học hữu cơ. Tập 2','https://bookworm.vnu.edu.vn/EDetail.aspx?id=32430&f=nhande&v=H%u00f3a+h%u1ecdc+h%u1eefu+c%u01a1','Hóa học hữu cơ','Trần, Quốc Sơn ; Đặng, Văn Liếu','Đại học Sư phạm','2013','https://bookworm.vnu.edu.vn/ViewEImage.ashx?id=32430'),('EET2001',156,'Giáo trình cơ sở hoá học hữu cơ. Tập 2','https://bookworm.vnu.edu.vn/EDetail.aspx?id=32254&f=nhande&v=H%u00f3a+h%u1ecdc+h%u1eefu+c%u01a1','Hóa học hữu cơ','Trần, Quốc Sơn ; Đặng, Văn Liếu','Đại học Sư phạm','2013','https://bookworm.vnu.edu.vn/ViewEImage.ashx?id=32254'),('EET2001',157,'Các phương pháp phổ trong hóa học hữu cơ và hóa sinh','https://bookworm.vnu.edu.vn/EDetail.aspx?id=27171&f=nhande&v=H%u00f3a+h%u1ecdc+h%u1eefu+c%u01a1','Hóa học hữu cơ','Nguyễn, Đình Triệu','Đại học Quốc gia Hà Nội','2007','https://bookworm.vnu.edu.vn/ViewEImage.ashx?id=27171'),('EET2001',158,'Phương pháp hóa học hữu cơ. Tập 4, Tổng hợp hữu cơ','https://bookworm.vnu.edu.vn/EDetail.aspx?id=163465&f=nhande&v=H%u00f3a+h%u1ecdc+h%u1eefu+c%u01a1','Hóa học hữu cơ','Nguyễn, Đình Thành','Đại học Quốc gia Hà Nội','2022','https://bookworm.vnu.edu.vn/ViewEImage.ashx?id=163465'),('ELT2030',182,'Kỹ thuật điện','https://bookworm.vnu.edu.vn/EDetail.aspx?id=55478&f=nhande&v=K%u1ef9+thu%u1eadt+%u0111i%u1ec7n','Kỹ thuật điện','Đặng, Văn Đào ; Lê, Văn Doanh','Khoa học kỹ thuật','2007','https://bookworm.vnu.edu.vn/ViewEImage.ashx?id=55478'),('ELT2030',183,'Kỹ thuật điện tử số','https://bookworm.vnu.edu.vn/EDetail.aspx?id=31726&f=nhande&v=K%u1ef9+thu%u1eadt+%u0111i%u1ec7n','Kỹ thuật điện','Nguyễn, Kim Giao','Đại học Quốc gia Hà Nội','2006','https://bookworm.vnu.edu.vn/ViewEImage.ashx?id=31726'),('ELT2030',184,'Giáo trình kỹ thuật điện','https://bookworm.vnu.edu.vn/EDetail.aspx?id=21268&f=nhande&v=K%u1ef9+thu%u1eadt+%u0111i%u1ec7n','Kỹ thuật điện','Chử Đức Trình','H.: ĐHQGHN','2016','https://bookworm.vnu.edu.vn/ViewEImage.ashx?id=21268'),('ELT2030',185,'Nguyên lý kỹ thuật điện tử','https://bookworm.vnu.edu.vn/EDetail.aspx?id=35153&f=nhande&v=K%u1ef9+thu%u1eadt+%u0111i%u1ec7n','Kỹ thuật điện','Trần, Quang Vinh ; Chử Văn An','Giáo dục','2007','https://bookworm.vnu.edu.vn/ViewEImage.ashx?id=35153'),('ELT2030',186,'Nguyên lý kỹ thuật điện tử','https://bookworm.vnu.edu.vn/EDetail.aspx?id=169887&f=nhande&v=K%u1ef9+thu%u1eadt+%u0111i%u1ec7n','Kỹ thuật điện','nan','Giáo dục','2005','https://bookworm.vnu.edu.vn/ViewEImage.ashx?id=169887'),('ELT2030',187,'Bài tập kỹ thuật điện tử','https://bookworm.vnu.edu.vn/EDetail.aspx?id=26261&f=nhande&v=K%u1ef9+thu%u1eadt+%u0111i%u1ec7n','Kỹ thuật điện','Đỗ, Xuân Thụ ; Nguyễn, Viết Nguyên','Giáo dục','2002','https://bookworm.vnu.edu.vn/ViewEImage.ashx?id=26261'),('ELT2030',188,'Bài tập kỹ thuật điện tử','https://bookworm.vnu.edu.vn/EDetail.aspx?id=21333&f=nhande&v=K%u1ef9+thu%u1eadt+%u0111i%u1ec7n','Kỹ thuật điện','Đỗ, Xuân Thụ','Giáo dục','2002','https://bookworm.vnu.edu.vn/ViewEImage.ashx?id=21333'),('ELT2030',189,'Kỹ thuật điện tử số thực hành','https://bookworm.vnu.edu.vn/EDetail.aspx?id=30023&f=nhande&v=K%u1ef9+thu%u1eadt+%u0111i%u1ec7n','Kỹ thuật điện','Bạch, Gia Dương ; Chử, Đức Trình','Đại học Quốc gia Hà Nội','2007','https://bookworm.vnu.edu.vn/ViewEImage.ashx?id=30023'),('ELT2030',190,'Bài tập Cơ sở kỹ thuật điện','https://bookworm.vnu.edu.vn/EDetail.aspx?id=32643&f=nhande&v=K%u1ef9+thu%u1eadt+%u0111i%u1ec7n','Kỹ thuật điện','Thân, Ngọc Hoàn','Xây dựng','2002','https://bookworm.vnu.edu.vn/ViewEImage.ashx?id=32643'),('ELT2030',191,'Kỹ thuật điện (Tái bản lần thứ mười hai))','https://bookworm.vnu.edu.vn/EDetail.aspx?id=26238&f=nhande&v=K%u1ef9+thu%u1eadt+%u0111i%u1ec7n','Kỹ thuật điện','nan','Giáo dục Việt Nam','2009','https://bookworm.vnu.edu.vn/ViewEImage.ashx?id=26238'),('ELT2030',192,'<250=Hai trăm năm mươi> bài tập kỹ thuật điện tử','https://bookworm.vnu.edu.vn/EDetail.aspx?id=21351&f=nhande&v=K%u1ef9+thu%u1eadt+%u0111i%u1ec7n','Kỹ thuật điện','Nguyễn, Thanh TràThái Vĩnh Hiển','H. : Giáo dục','2009','https://bookworm.vnu.edu.vn/ViewEImage.ashx?id=21351'),('ELT2030',193,'Kỹ thuật điện lực tổng hợp. Tập 1, máy điện, mạch điện và hệ thống cấp điện','https://bookworm.vnu.edu.vn/EDetail.aspx?id=32653&f=nhande&v=K%u1ef9+thu%u1eadt+%u0111i%u1ec7n','Kỹ thuật điện','Nguyễn, Văn Tuệ','Đại học Quốc Gia TP. Hồ Chí Minh','2008','https://bookworm.vnu.edu.vn/ViewEImage.ashx?id=32653'),('ELT2030',194,'Tiếng Anh chuyên ngành kỹ thuật điện = English for electrical engineering (Học tiếng Anh online với BEA)','https://bookworm.vnu.edu.vn/EDetail.aspx?id=75635&f=nhande&v=K%u1ef9+thu%u1eadt+%u0111i%u1ec7n','Kỹ thuật điện','nan','[Kn.]','[Knxb]','https://bookworm.vnu.edu.vn/ViewEImage.ashx?id=75635'),('ELT2030',195,'Kỹ thuật điện : đã được Hội đồng môn học Bộ Giáo dục và Đào tạo thông qua dùng làm tài liệu giảng dạy trong các trường đại học kỹ thuật','https://bookworm.vnu.edu.vn/EDetail.aspx?id=21842&f=nhande&v=K%u1ef9+thu%u1eadt+%u0111i%u1ec7n','Kỹ thuật điện','Đặng, Văn Đào','H. : Giáo dục','2009','https://bookworm.vnu.edu.vn/ViewEImage.ashx?id=21842'),('ELT2030',196,'Kỹ thuật điện : đã được Hội đồng môn học Bộ Giáo dục và Đào tạo thông qua dùng làm tài liệu giảng dạy trong các trường đại học kỹ thuật','https://bookworm.vnu.edu.vn/EDetail.aspx?id=21290&f=nhande&v=K%u1ef9+thu%u1eadt+%u0111i%u1ec7n','Kỹ thuật điện','Đặng, Văn Đào','H. : Giáo dục','2009','https://bookworm.vnu.edu.vn/ViewEImage.ashx?id=21290'),('ELT2030',197,'Kỹ thuật điện tử : đã được hội đồng môn học của Bộ giáo dục và Đào tạo thông qua dùng tài liệu giảng dạy trong các trường đại học kĩ thuật. (Tái bản lần 15)','https://bookworm.vnu.edu.vn/EDetail.aspx?id=169801&f=nhande&v=K%u1ef9+thu%u1eadt+%u0111i%u1ec7n','Kỹ thuật điện','Đặng, Văn Chuyết','Giáo dục','2008','https://bookworm.vnu.edu.vn/ViewEImage.ashx?id=169801'),('ELT2030',246,'nan','https://daotao.vnu.edu.vn/dkmh/default.asp/../../DeCuong/2/Ky thuat dien_CDTrinh_TV.pdf','Kỹ thuật điện','nan','nan','nan','nan'),('ELT2031',198,'Mô hình hóa và mô phỏng','https://bookworm.vnu.edu.vn/EDetail.aspx?id=30049&f=nhande&v=M%u00f4+h%u00ecnh+h%u00f3a+v%u00e0+m%u00f4+ph%u1ecfng','Mô hình hóa và mô phỏng','Trương, Vũ Bằng Giang ; Trần, Xuân Nam','Đại học Quốc gia Hà Nội','2013','https://bookworm.vnu.edu.vn/ViewEImage.ashx?id=30049'),('ELT2031',199,'Mô hình hoá và mô phỏng bằng máy tính','https://bookworm.vnu.edu.vn/EDetail.aspx?id=37433&f=nhande&v=M%u00f4+h%u00ecnh+h%u00f3a+v%u00e0+m%u00f4+ph%u1ecfng','Mô hình hóa và mô phỏng','Vũ, Ngọc Tước','Giáo dục','2001','https://bookworm.vnu.edu.vn/ViewEImage.ashx?id=37433'),('ELT2032',118,'Linh kiện điện tử','https://bookworm.vnu.edu.vn/Results.aspx?f=nhande&v=Linh kiện điện tử','Linh kiện điện tử','Beuth, Klaus','Giáo dục','2008','https://bookworm.vnu.edu.vn/ViewEImage.ashx?id=21294'),('ELT2035',119,'Tín hiệu và hệ thống','https://bookworm.vnu.edu.vn/Results.aspx?f=nhande&v=Tín hiệu và hệ thống','Tín hiệu và hệ thống','Lê, Vũ Hà','Trường Đại học Công nghệ - ĐHQGHN','2014','https://bookworm.vnu.edu.vn/ViewEImage.ashx?id=169831'),('ELT2035',303,'nan','https://daotao.vnu.edu.vn/dkmh/default.asp/../../DeCuong/2/Tin hieu va He thong_HaLV_TV.pdf','Tín hiệu và hệ thống','nan','nan','nan','nan'),('ELT2040',214,'nan','https://daotao.vnu.edu.vn/dkmh/default.asp/../../DeCuong/2/Dien tu tuong tu_TQVinh_TV.pdf','Điện tử tương tự','nan','nan','nan','nan'),('ELT3051',170,'Kỹ thuật điều khiển','https://bookworm.vnu.edu.vn/EDetail.aspx?id=31722&f=nhande&v=K%u1ef9+thu%u1eadt+%u0111i%u1ec1u+khi%u1ec3n','Kỹ thuật điều khiển','Lê, Vũ Hà','Đại học Quốc gia Hà Nội','2006','https://bookworm.vnu.edu.vn/ViewEImage.ashx?id=31722'),('ELT3051',171,'Hệ Mờ & Nơron trong kỹ thuật điều khiển','https://bookworm.vnu.edu.vn/EDetail.aspx?id=26466&f=nhande&v=K%u1ef9+thu%u1eadt+%u0111i%u1ec1u+khi%u1ec3n','Kỹ thuật điều khiển','Nguyễn, Như Hiền ; Lại, Khắc Lãi','Khoa học tự nhiên và công nghệ','2007','https://bookworm.vnu.edu.vn/ViewEImage.ashx?id=26466'),('ELT3051',172,'Kỹ thuật điều khiển điều chỉnh và lập trình khai thác máy công cụ CNC','https://bookworm.vnu.edu.vn/EDetail.aspx?id=32654&f=nhande&v=K%u1ef9+thu%u1eadt+%u0111i%u1ec1u+khi%u1ec3n','Kỹ thuật điều khiển','Tạ, Duy Liêm','Khoa học Kỹ thuật','2007','https://bookworm.vnu.edu.vn/ViewEImage.ashx?id=32654'),('ELT3062',95,'Giáo trình mạng truyền thông máy tính','https://bookworm.vnu.edu.vn/Results.aspx?f=nhande&v=Mạng truyền thông máy tính ','Mạng truyền thông máy tính 2','Nguyễn, Nam Hoàng; Đinh, Thị Thái Mai','Đại học Quốc gia Hà Nội','2021','https://bookworm.vnu.edu.vn/ViewEImage.ashx?id=133772'),('ELT3067',14,'Truyền thông Quang sợi','https://bookworm.vnu.edu.vn/EDetail.aspx?id=37444&f=nhande&v=Truy%u1ec1n+th%u00f4ng+quang','Truyền thông quang','Nguyễn, Quốc Tuấn ; Bùi, Trung Ninh','Đại học quốc gia Hà Nội','2019','https://bookworm.vnu.edu.vn/ViewEImage.ashx?id=37444'),('ELT3067',15,'Truyền thông quang sợi','https://bookworm.vnu.edu.vn/EDetail.aspx?id=35150&f=nhande&v=Truy%u1ec1n+th%u00f4ng+quang','Truyền thông quang','Nguyễn, Ngọc Tuấn  ; Bùi Trung Ninh','Đại học Quốc gia Hà Nội','2019','https://bookworm.vnu.edu.vn/ViewEImage.ashx?id=35150'),('ELT3086',168,'Thực tập chuyên đề : Kỹ thuật điều chế xung - số','https://bookworm.vnu.edu.vn/EDetail.aspx?id=21315&f=nhande&v=Th%u1ef1c+t%u1eadp+chuy%u00ean+%u0111%u1ec1','Thực tập chuyên đề','Đỗ, Trung Kiên','ĐHQG HN','2006','https://bookworm.vnu.edu.vn/ViewEImage.ashx?id=21315'),('ELT3086',169,'Thực tập chuyên đề : Kỹ thuật điều chế tương tự','https://bookworm.vnu.edu.vn/EDetail.aspx?id=21313&f=nhande&v=Th%u1ef1c+t%u1eadp+chuy%u00ean+%u0111%u1ec1','Thực tập chuyên đề','nan','ĐHQG HN','2006','https://bookworm.vnu.edu.vn/ViewEImage.ashx?id=21313'),('ELT3110',13,'Vật liệu và linh kiện bán dẫn quang điện tử trong thông tin quang','https://bookworm.vnu.edu.vn/Results.aspx?f=nhande&v=Quang điện tử','Quang điện tử','Đào, Khắc An','Đại học Quốc gia Hà Nội','2003','https://bookworm.vnu.edu.vn/ViewEImage.ashx?id=27112'),('EMA2004',163,'Cơ học môi trường liên tục','https://bookworm.vnu.edu.vn/EDetail.aspx?id=27622&f=nhande&v=C%u01a1+h%u1ecdc+m%u00f4i+tr%u01b0%u1eddng+li%u00ean+t%u1ee5c','Cơ học môi trường liên tục','Đào, Huy Bích ; Nguyễn, Đăng Bích','Đại học Quốc gia Hà Nội','2003','https://bookworm.vnu.edu.vn/ViewEImage.ashx?id=27622'),('EMA2004',164,'Cơ học môi trường liên tục. Tập 1','https://bookworm.vnu.edu.vn/EDetail.aspx?id=79296&f=nhande&v=C%u01a1+h%u1ecdc+m%u00f4i+tr%u01b0%u1eddng+li%u00ean+t%u1ee5c','Cơ học môi trường liên tục','Sêđôp L. I.','Đại học và trung học chuyên nghiệp','1977','https://bookworm.vnu.edu.vn/ViewEImage.ashx?id=79296'),('EMA2004',165,'Cơ học môi trường liên tục. Tâp 2','https://bookworm.vnu.edu.vn/EDetail.aspx?id=61754&f=nhande&v=C%u01a1+h%u1ecdc+m%u00f4i+tr%u01b0%u1eddng+li%u00ean+t%u1ee5c','Cơ học môi trường liên tục','Xêđốp, L.I','Đại học và Trung học Chuyên nghiệp','1978','https://bookworm.vnu.edu.vn/ViewEImage.ashx?id=61754'),('EMA2004',166,'Cơ học môi trường liên tục : Tài liệu dùng cho đào tạo Cao học các chuyên ngành: Kỹ thuật cơ khí chế tạo máy, Cơ học ứng dụng và Xây dựng công trình Quân sự','https://bookworm.vnu.edu.vn/EDetail.aspx?id=169786&f=nhande&v=C%u01a1+h%u1ecdc+m%u00f4i+tr%u01b0%u1eddng+li%u00ean+t%u1ee5c','Cơ học môi trường liên tục','Phan, Nguyên Di','Quân đội nhân dân','2001','https://bookworm.vnu.edu.vn/ViewEImage.ashx?id=169786'),('EMA2004',223,'nan','https://daotao.vnu.edu.vn/dkmh/default.asp/../../DeCuong/2/Co hoc moi truong lien tuc.pdf','Cơ học môi trường liên tục','nan','nan','nan','nan'),('EMA2006',29,'MATLAB và ứng dụng trong cơ kỹ thuật','https://bookworm.vnu.edu.vn/EDetail.aspx?id=21368&f=nhande&v=Matlab+v%u00e0+%u1ee9ng+d%u1ee5ng','Matlab và ứng dụng','Đặng Thế Ba ; Đinh Trần Hiệp','H. : ĐHQG HN','2015','https://bookworm.vnu.edu.vn/ViewEImage.ashx?id=21368'),('EMA2006',30,'Lập trình matlab và ứng dụng : dùng cho sinh viên khối Khoa học và Kỹ thuật','https://bookworm.vnu.edu.vn/EDetail.aspx?id=164187&f=nhande&v=Matlab+v%u00e0+%u1ee9ng+d%u1ee5ng','Matlab và ứng dụng','Nguyễn, Hoàng Hải ; Nguyễn, Việt Anh','Khoa học và Kỹ thuật','2020','https://bookworm.vnu.edu.vn/ViewEImage.ashx?id=164187'),('EMA2007',225,'nan','https://daotao.vnu.edu.vn/dkmh/default.asp/../../DeCuong/2/Co hoc vat ran bien dang.pdf','Cơ học vật rắn biến dạng','nan','nan','nan','nan'),('EMA2008',50,'Cơ học chất lỏng','https://bookworm.vnu.edu.vn/EDetail.aspx?id=27195&f=nhande&v=C%u01a1+h%u1ecdc+ch%u1ea5t+l%u1ecfng','Cơ học chất lỏng','Trần, Văn Cúc','Đại học Quốc gia Hà Nội','2004','https://bookworm.vnu.edu.vn/ViewEImage.ashx?id=27195'),('EMA2008',51,'Cơ học chất lỏng lý thuyết. Phần 2','https://bookworm.vnu.edu.vn/EDetail.aspx?id=55921&f=nhande&v=C%u01a1+h%u1ecdc+ch%u1ea5t+l%u1ecfng','Cơ học chất lỏng','Kôsin, N.E.','Khoa học và Kỹ thuật','1974','https://bookworm.vnu.edu.vn/ViewEImage.ashx?id=55921'),('EMA2008',52,'Cơ học chất lỏng. (Tái bản lần 3)','https://bookworm.vnu.edu.vn/EDetail.aspx?id=55883&f=nhande&v=C%u01a1+h%u1ecdc+ch%u1ea5t+l%u1ecfng','Cơ học chất lỏng','Brébec, Jean - Marie','Giáo dục','2007','https://bookworm.vnu.edu.vn/ViewEImage.ashx?id=55883'),('EMA2008',53,'Cơ học chất lỏng lý thuyết. Tập 3','https://bookworm.vnu.edu.vn/EDetail.aspx?id=79276&f=nhande&v=C%u01a1+h%u1ecdc+ch%u1ea5t+l%u1ecfng','Cơ học chất lỏng','Kosin, N.E. ; Kiben , I.A. ; Roze, N.V.','Khoa học và kỹ thuật','1975','https://bookworm.vnu.edu.vn/ViewEImage.ashx?id=79276'),('EMA2008',54,'Cơ học chất lỏng lý thuyết. Phần 3','https://bookworm.vnu.edu.vn/EDetail.aspx?id=55935&f=nhande&v=C%u01a1+h%u1ecdc+ch%u1ea5t+l%u1ecfng','Cơ học chất lỏng','Kôsin, N.E. ; Kiben, I.A. ; Rôze, N.V.','Khoa học và Kỹ thuật','1975','https://bookworm.vnu.edu.vn/ViewEImage.ashx?id=55935'),('EMA2008',55,'Cơ học chất lỏng lý thuyết. Phần 1','https://bookworm.vnu.edu.vn/EDetail.aspx?id=55920&f=nhande&v=C%u01a1+h%u1ecdc+ch%u1ea5t+l%u1ecfng','Cơ học chất lỏng','Kôsin, N.E.','Khoa học kỹ thuật','1973','https://bookworm.vnu.edu.vn/ViewEImage.ashx?id=55920'),('EMA2008',56,'Bài tập cơ học chất lỏng ứng dụng. Tập 1','https://bookworm.vnu.edu.vn/EDetail.aspx?id=36746&f=nhande&v=C%u01a1+h%u1ecdc+ch%u1ea5t+l%u1ecfng','Cơ học chất lỏng','Nguyễn, Hữu Chí ; Nguyễn, Hữu Di ; Phùng, Văn Khương','Đại học và Khoa học chuyên nghiệp','1979','https://bookworm.vnu.edu.vn/ViewEImage.ashx?id=36746'),('EMA2008',57,'Bài tập cơ học chất lỏng. Tập 2, Phần khí động','https://bookworm.vnu.edu.vn/EDetail.aspx?id=36735&f=nhande&v=C%u01a1+h%u1ecdc+ch%u1ea5t+l%u1ecfng','Cơ học chất lỏng','Nguyễn, Hữu Chí','Đại học và Khoa học chuyên nghiệp','1979','https://bookworm.vnu.edu.vn/ViewEImage.ashx?id=36735'),('EMA2012',299,'nan','https://daotao.vnu.edu.vn/dkmh/default.asp/../../DeCuong/2/EMA2012 Suc ben vat lieu va co hoc ket cau.pdf','Sức bền vật liệu và cơ học kết cấu','nan','nan','nan','nan'),('EMA2013',84,'Lý thuyết điều khiển tự động','https://bookworm.vnu.edu.vn/EDetail.aspx?id=21230&f=nhande&v=L%u00fd+thuy%u1ebft+%u0111i%u1ec1u+khi%u1ec3n+t%u1ef1+%u0111%u1ed9ng','Lý thuyết điều khiển tự động','Phan Xuân Minh ; Hà Thị Kim Duyên, Phạm Xuân Khánh','H. : Giáo dục','2008','https://bookworm.vnu.edu.vn/ViewEImage.ashx?id=21230'),('EMA2013',85,'Lý thuyết điều khiển tự động','https://bookworm.vnu.edu.vn/EDetail.aspx?id=26233&f=nhande&v=L%u00fd+thuy%u1ebft+%u0111i%u1ec1u+khi%u1ec3n+t%u1ef1+%u0111%u1ed9ng','Lý thuyết điều khiển tự động','Phan Xuân Minh','NXB Giáo Dục','2008','https://bookworm.vnu.edu.vn/ViewEImage.ashx?id=26233'),('EMA2013',86,'Giáo trình Lý thuyết điều khiển tự động','https://bookworm.vnu.edu.vn/EDetail.aspx?id=27150&f=nhande&v=L%u00fd+thuy%u1ebft+%u0111i%u1ec1u+khi%u1ec3n+t%u1ef1+%u0111%u1ed9ng','Lý thuyết điều khiển tự động','Phan, Xuân Minh ; Hà, Thị Kim Duyên ; Phạm, Xuân Khánh','Giáo dục','2008','https://bookworm.vnu.edu.vn/ViewEImage.ashx?id=27150'),('EMA2013',87,'Lý thuyết điều khiển tự động thông thường và hiện đại. Quyển 1: Hệ tuyến tính','https://bookworm.vnu.edu.vn/EDetail.aspx?id=26031&f=nhande&v=L%u00fd+thuy%u1ebft+%u0111i%u1ec1u+khi%u1ec3n+t%u1ef1+%u0111%u1ed9ng','Lý thuyết điều khiển tự động','Nguyễn, Thương Ngô','H. : KHKT','2009','https://bookworm.vnu.edu.vn/ViewEImage.ashx?id=26031'),('EMA2022',27,'Giáo trình cơ sở công nghệ chế tạo máy','https://bookworm.vnu.edu.vn/Results.aspx?f=nhande&v=Cơ sở công nghệ chế tạo máy','Cơ sở công nghệ chế tạo máy','Trần, Minh Đức','Khoa học và Kỹ thuật','2020','https://bookworm.vnu.edu.vn/ViewEImage.ashx?id=164177'),('EMA2026',120,'Bài tập Cơ sở kỹ thuật điện','https://bookworm.vnu.edu.vn/Results.aspx?f=nhande&v=Cơ sở kỹ thuật điện','Cơ sở kỹ thuật điện','Thân, Ngọc Hoàn','Xây dựng','2002','https://bookworm.vnu.edu.vn/ViewEImage.ashx?id=32643'),('EMA2033',159,'Cơ sở thiết kế máy','https://bookworm.vnu.edu.vn/EDetail.aspx?id=26017&f=nhande&v=C%u01a1+s%u1edf+thi%u1ebft+k%u1ebf+m%u00e1y','Cơ sở thiết kế máy','Nguyễn, Hữu Lộc','HCM. : Bách khoa','nan','https://bookworm.vnu.edu.vn/ViewEImage.ashx?id=26017'),('EMA2033',160,'Giáo trình Cơ sở thiết kế máy','https://bookworm.vnu.edu.vn/EDetail.aspx?id=32588&f=nhande&v=C%u01a1+s%u1edf+thi%u1ebft+k%u1ebf+m%u00e1y','Cơ sở thiết kế máy','nan','Hà Nội','2007','https://bookworm.vnu.edu.vn/ViewEImage.ashx?id=32588'),('EMA2033',161,'Cơ sở thiết kế máy & chi tiết máy: Sách dùng làm giáo trình cho sinh viên đại học và cao đẳng Kỹ thuật. (In lần 4 có sửa chữa, bổ sung)','https://bookworm.vnu.edu.vn/EDetail.aspx?id=61970&f=nhande&v=C%u01a1+s%u1edf+thi%u1ebft+k%u1ebf+m%u00e1y','Cơ sở thiết kế máy','Trịnh, Chất','Khoa học và Kỹ thuật','2005','https://bookworm.vnu.edu.vn/ViewEImage.ashx?id=61970'),('EMA2033',162,'Cơ sở thiết kế máy và chi tiết máy : Sách dùng làm giáo trình cho sinh viên đại học và cao đẳng Kỹ thuật. (In lần 6, có sửa chữa, bổ sung)','https://bookworm.vnu.edu.vn/EDetail.aspx?id=135454&f=nhande&v=C%u01a1+s%u1edf+thi%u1ebft+k%u1ebf+m%u00e1y','Cơ sở thiết kế máy','Trịnh, Chất','Khoa học và Kỹ thuật','2000','https://bookworm.vnu.edu.vn/ViewEImage.ashx?id=135454'),('EMA2036',1,'Cơ học kỹ thuật. Tập 2, phần động lực học','https://bookworm.vnu.edu.vn/EDetail.aspx?id=22107&f=nhande&v=C%u01a1+h%u1ecdc+k%u1ef9+thu%u1eadt+','Cơ học kỹ thuật 1','Đỗ, Sanh','H. : GDVN','2008','https://bookworm.vnu.edu.vn/ViewEImage.ashx?id=22107'),('EMA2036',2,'Cơ học kỹ thuật. Tập 1, phần tĩnh học và động học','https://bookworm.vnu.edu.vn/EDetail.aspx?id=21259&f=nhande&v=C%u01a1+h%u1ecdc+k%u1ef9+thu%u1eadt+','Cơ học kỹ thuật 1','Đỗ Sanh','GDVN','2009','https://bookworm.vnu.edu.vn/ViewEImage.ashx?id=21259'),('EMA2036',3,'Cơ sở cơ học kỹ thuật : Cơ học lý thuyết trong kỹ thuật. Tập 2, Động lực học','https://bookworm.vnu.edu.vn/EDetail.aspx?id=29836&f=nhande&v=C%u01a1+h%u1ecdc+k%u1ef9+thu%u1eadt+','Cơ học kỹ thuật 1','Nguyễn, Văn Khang','Đại học Quốc gia Hà Nội','2005','https://bookworm.vnu.edu.vn/ViewEImage.ashx?id=29836'),('EMA2036',4,'Nhập môn cơ học thực nghiệm : giáo trình dành cho sinh viên đại học ngành cơ học kỹ thuật','https://bookworm.vnu.edu.vn/EDetail.aspx?id=26668&f=nhande&v=C%u01a1+h%u1ecdc+k%u1ef9+thu%u1eadt+','Cơ học kỹ thuật 1','Nguyễn, Tiến Khiêm','H. : ĐHQGHN','2015','https://bookworm.vnu.edu.vn/ViewEImage.ashx?id=26668'),('EMA2036',5,'Cơ sở cơ học kỹ thuật : cơ học lý thuyết trong kỹ thuật. Tập 1, Tĩnh học và động học','https://bookworm.vnu.edu.vn/EDetail.aspx?id=27389&f=nhande&v=C%u01a1+h%u1ecdc+k%u1ef9+thu%u1eadt+','Cơ học kỹ thuật 1','Nguyễn, Văn Khang','Đại học Quốc gia Hà Nội','2003','https://bookworm.vnu.edu.vn/ViewEImage.ashx?id=27389'),('EMA3084',97,'Vi xử lý và vi điều khiển : Nguyên lý và ứng dụng','https://bookworm.vnu.edu.vn/Results.aspx?f=nhande&v=Vi xử lý và vi điều khiển','Vi xử lý và vi điều khiển','Phạm, Mạnh Thắng','ĐHQGHN','2016','https://bookworm.vnu.edu.vn/ViewEImage.ashx?id=24730'),('EMA3085',6,'Robot công nghiệp','https://bookworm.vnu.edu.vn/EDetail.aspx?id=26384&f=nhande&v=Robot+c%u00f4ng+nghi%u1ec7p','Robot công nghiệp','Nguyễn, Thiện Phúc','H. : KHKT','2006','https://bookworm.vnu.edu.vn/ViewEImage.ashx?id=26384'),('EMA3085',7,'Cơ sở Robot công nghiệp','https://bookworm.vnu.edu.vn/EDetail.aspx?id=56377&f=nhande&v=Robot+c%u00f4ng+nghi%u1ec7p','Robot công nghiệp','Nguyễn, Văn Khang ; Chu, Anh Mỳ','Giáo dục Việt Nam','2011','https://bookworm.vnu.edu.vn/ViewEImage.ashx?id=56377'),('EMA3085',8,'Phân tích và điều khiển robot công nghiệp','https://bookworm.vnu.edu.vn/EDetail.aspx?id=32472&f=nhande&v=Robot+c%u00f4ng+nghi%u1ec7p','Robot công nghiệp','Nguyễn, Mạnh Tiến','Khoa học và Kỹ Thuật','2013','https://bookworm.vnu.edu.vn/ViewEImage.ashx?id=32472'),('EMA3085',9,'Phân tích và điều khiển robot công nghiệp','https://bookworm.vnu.edu.vn/EDetail.aspx?id=32295&f=nhande&v=Robot+c%u00f4ng+nghi%u1ec7p','Robot công nghiệp','Nguyễn, Mạnh Tiến','Khoa học và Kỹ Thuật','2013','https://bookworm.vnu.edu.vn/ViewEImage.ashx?id=32295'),('EMA3085',10,'Robot Công nghiệp Cấu trúc, động học và động lực học','https://bookworm.vnu.edu.vn/EDetail.aspx?id=32952&f=nhande&v=Robot+c%u00f4ng+nghi%u1ec7p','Robot công nghiệp','Trịnh, Quang Vinh ; Nguyễn, Đăng Bình ; Phạm, Thành Long','Khoa học kỹ thuật','2013','https://bookworm.vnu.edu.vn/ViewEImage.ashx?id=32952'),('EMA3121',96,'Lý thuyết dẻo và các ứng dụng','https://bookworm.vnu.edu.vn/Results.aspx?f=nhande&v=Lý thuyết dẻo','Lý thuyết dẻo','Đào, Huy Bích','Xây dựng','2004','https://bookworm.vnu.edu.vn/ViewEImage.ashx?id=32384'),('EPN1095',328,'nan','nan','Vật lý đại cương 1','nan','nan','nan','nan'),('EPN1096',329,'nan','nan','Vật lý đại cương 2','nan','nan','nan','nan'),('INE1050',31,'Kinh tế vĩ mô','https://bookworm.vnu.edu.vn/EDetail.aspx?id=40969&f=nhande&v=Kinh+t%u1ebf+vi+m%u00f4','Kinh tế vi mô','Mankiw, N. Gregory','Thống kê','1997','https://bookworm.vnu.edu.vn/ViewEImage.ashx?id=40969'),('INE1050',32,'Bài giảng kinh tế vĩ mô','https://bookworm.vnu.edu.vn/EDetail.aspx?id=30148&f=nhande&v=Kinh+t%u1ebf+vi+m%u00f4','Kinh tế vi mô','Nguyễn, Văn Ngọc','Đại học Kinh tế Quốc dân','2013','https://bookworm.vnu.edu.vn/ViewEImage.ashx?id=30148'),('INE1050',33,'Bài giảng Kinh tế vĩ mô','https://bookworm.vnu.edu.vn/EDetail.aspx?id=28281&f=nhande&v=Kinh+t%u1ebf+vi+m%u00f4','Kinh tế vi mô','Nguyễn, Văn Ngọc','Đại học Kinh tế quốc dân','2013','https://bookworm.vnu.edu.vn/ViewEImage.ashx?id=28281'),('INE1050',34,'Thực hành Kinh tế vĩ mô','https://bookworm.vnu.edu.vn/EDetail.aspx?id=26324&f=nhande&v=Kinh+t%u1ebf+vi+m%u00f4','Kinh tế vi mô','Nguyễn, Văn Công','Nông nghiệp','2004','https://bookworm.vnu.edu.vn/ViewEImage.ashx?id=26324'),('INE1050',35,'Giáo trình kinh tế vi mô','https://bookworm.vnu.edu.vn/EDetail.aspx?id=27210&f=nhande&v=Kinh+t%u1ebf+vi+m%u00f4','Kinh tế vi mô','Phí, Mạnh Hồng','Đại học Quốc gia Hà Nội','2009','https://bookworm.vnu.edu.vn/ViewEImage.ashx?id=27210'),('INE1050',36,'Giáo trình kinh tế vĩ mô I','https://bookworm.vnu.edu.vn/EDetail.aspx?id=67678&f=nhande&v=Kinh+t%u1ebf+vi+m%u00f4','Kinh tế vi mô','nan','Tài chính','2016','https://bookworm.vnu.edu.vn/ViewEImage.ashx?id=67678'),('INE1050',37,'Bài tập Kinh tế vi mô 2','https://bookworm.vnu.edu.vn/EDetail.aspx?id=161760&f=nhande&v=Kinh+t%u1ebf+vi+m%u00f4','Kinh tế vi mô','nan','Đại học Kinh tế Quốc dân','2018','https://bookworm.vnu.edu.vn/ViewEImage.ashx?id=161760'),('INE1050',38,'Hướng dẫn thực hành kinh tế vĩ mô : dùng cho học phần kinh tế vĩ mô cơ sở','https://bookworm.vnu.edu.vn/EDetail.aspx?id=23960&f=nhande&v=Kinh+t%u1ebf+vi+m%u00f4','Kinh tế vi mô','nan','H. : Nông Nghiệp','2004','https://bookworm.vnu.edu.vn/ViewEImage.ashx?id=23960'),('INE1050',39,'Hướng dẫn thực hành kinh tế vĩ mô : dùng cho học phần kinh tế vĩ mô cơ sở','https://bookworm.vnu.edu.vn/EDetail.aspx?id=24202&f=nhande&v=Kinh+t%u1ebf+vi+m%u00f4','Kinh tế vi mô','nan','H. : Lao động','2004','https://bookworm.vnu.edu.vn/ViewEImage.ashx?id=24202'),('INE1050',40,'Bài giảng Kinh tế vĩ mô nâng cao','https://bookworm.vnu.edu.vn/EDetail.aspx?id=34634&f=nhande&v=Kinh+t%u1ebf+vi+m%u00f4','Kinh tế vi mô','nan','Fulbright Economics Teaching Program','2004','https://bookworm.vnu.edu.vn/ViewEImage.ashx?id=34634'),('INE1050',41,'Hướng dẫn thực hành Kinh tế vĩ mô','https://bookworm.vnu.edu.vn/EDetail.aspx?id=26323&f=nhande&v=Kinh+t%u1ebf+vi+m%u00f4','Kinh tế vi mô','nan','Lao động','2004','https://bookworm.vnu.edu.vn/ViewEImage.ashx?id=26323'),('INE1050',42,'Hướng dẫn giải bài tập kinh tế vĩ mô','https://bookworm.vnu.edu.vn/EDetail.aspx?id=166863&f=nhande&v=Kinh+t%u1ebf+vi+m%u00f4','Kinh tế vi mô','Nguyễn, Văn Ngọc ; Hoàng, Yến','Đai học Kinh tế Quốc dân','2016','https://bookworm.vnu.edu.vn/ViewEImage.ashx?id=166863'),('INE1050',43,'Câu hỏi- Bài tập- Trắc nghiệm : Kinh tế vi mô','https://bookworm.vnu.edu.vn/EDetail.aspx?id=26320&f=nhande&v=Kinh+t%u1ebf+vi+m%u00f4','Kinh tế vi mô','Nguyễn, Như Ý ; Trần, Thị Bích Dung ; Trần, Bá Thọ','Thống kê','1999','https://bookworm.vnu.edu.vn/ViewEImage.ashx?id=26320'),('INE1050',44,'Câu hỏi - bài tập - trắc nghiệm kinh tế vi mô','https://bookworm.vnu.edu.vn/EDetail.aspx?id=23961&f=nhande&v=Kinh+t%u1ebf+vi+m%u00f4','Kinh tế vi mô','nan','H. : Thống kê','1999','https://bookworm.vnu.edu.vn/ViewEImage.ashx?id=23961'),('INE1050',45,'Kinh tế vĩ mô của nền kinh tế mở : sách chuyên khảo','https://bookworm.vnu.edu.vn/EDetail.aspx?id=24546&f=nhande&v=Kinh+t%u1ebf+vi+m%u00f4','Kinh tế vi mô','Nguyễn Văn Dần, Trần Xuân Hải','H. : Tài chính','2009','https://bookworm.vnu.edu.vn/ViewEImage.ashx?id=24546'),('INE1050',46,'Kinh tế vi mô căn bản & nâng cao : Câu hỏi trắc nghiệm & bài tập','https://bookworm.vnu.edu.vn/EDetail.aspx?id=31872&f=nhande&v=Kinh+t%u1ebf+vi+m%u00f4','Kinh tế vi mô','Đinh, Phi Hổ','Tài chính','2013','https://bookworm.vnu.edu.vn/ViewEImage.ashx?id=31872'),('INE1050',47,'Hướng dẫn thực hành kinh tế học vĩ mô : dùng cho học phần kinh tế vĩ mô cơ sở','https://bookworm.vnu.edu.vn/EDetail.aspx?id=27132&f=nhande&v=Kinh+t%u1ebf+vi+m%u00f4','Kinh tế vi mô','nan','Lao động','2004','https://bookworm.vnu.edu.vn/ViewEImage.ashx?id=27132'),('INE1050',48,'Tóm tắt  bài tập  trắc nghiệm kinh tế vĩ mô. Tái bản lần II (có sửa chữa và bổ sung)','https://bookworm.vnu.edu.vn/EDetail.aspx?id=30149&f=nhande&v=Kinh+t%u1ebf+vi+m%u00f4','Kinh tế vi mô','Nguyễn, Như Ý  ; Trần, Thị Bích Dung  ; Trần, Bá Thọ, Lâm, Mạnh Hà','Thống Kê','1999','https://bookworm.vnu.edu.vn/ViewEImage.ashx?id=30149'),('INE1050',49,'Bài tập kinh tế vi mô chọn lọc : theo giáo trình Kinh tế học vi mô. Dùng trong các trường Đại học, Cao đẳng khối kinh tế','https://bookworm.vnu.edu.vn/EDetail.aspx?id=23948&f=nhande&v=Kinh+t%u1ebf+vi+m%u00f4','Kinh tế vi mô','nan','H. : Giáo dục','2009','https://bookworm.vnu.edu.vn/ViewEImage.ashx?id=23948'),('INE1050',258,'nan','nan','Kinh tế vi mô','nan','nan','nan','nan'),('INT1050',321,'nan','https://daotao.vnu.edu.vn/dkmh/default.asp/../../DeCuong/2/ToanRoiRac.pdf','Toán học rời rạc','nan','nan','nan','nan'),('INT2203',200,'Cấu trúc dữ liệu và giải thuật','https://bookworm.vnu.edu.vn/EDetail.aspx?id=26351&f=nhande&v=C%u1ea5u+tr%u00fac+d%u1eef+li%u1ec7u+v%u00e0+gi%u1ea3i+thu%u1eadt','Cấu trúc dữ liệu và giải thuật','Đỗ, Xuân Lôi','Đại học Quốc Gia Hà Nội','2008','https://bookworm.vnu.edu.vn/ViewEImage.ashx?id=26351'),('INT2203',201,'Giáo trình Cấu trúc dữ liệu và giải thuật','https://bookworm.vnu.edu.vn/EDetail.aspx?id=32586&f=nhande&v=C%u1ea5u+tr%u00fac+d%u1eef+li%u1ec7u+v%u00e0+gi%u1ea3i+thu%u1eadt','Cấu trúc dữ liệu và giải thuật','Nguyễn, Thái Hà','Hà Nội','2007','https://bookworm.vnu.edu.vn/ViewEImage.ashx?id=32586'),('INT2203',202,'Cấu trúc dữ liệu và giải thuật. (In lần thứ 10, có sửa chữa)','https://bookworm.vnu.edu.vn/EDetail.aspx?id=33491&f=nhande&v=C%u1ea5u+tr%u00fac+d%u1eef+li%u1ec7u+v%u00e0+gi%u1ea3i+thu%u1eadt','Cấu trúc dữ liệu và giải thuật','Đỗ, Xuân Lôi','Đại học Quốc gia Hà Nội','2008','https://bookworm.vnu.edu.vn/ViewEImage.ashx?id=33491'),('INT2204',88,'Giáo trình lập trình hướng đối tượng với Java','https://bookworm.vnu.edu.vn/EDetail.aspx?id=24732&f=nhande&v=L%u1eadp+tr%u00ecnh+h%u01b0%u1edbng+%u0111%u1ed1i+t%u01b0%u1ee3ng','Lập trình hướng đối tượng','Trần, Thị Minh Châu ; Nguyễn, Việt Hà','H. : ĐHQGHN','2016','https://bookworm.vnu.edu.vn/ViewEImage.ashx?id=24732'),('INT2204',89,'Giáo trình C++ & lập trình hướng đối tượng','https://bookworm.vnu.edu.vn/EDetail.aspx?id=27072&f=nhande&v=L%u1eadp+tr%u00ecnh+h%u01b0%u1edbng+%u0111%u1ed1i+t%u01b0%u1ee3ng','Lập trình hướng đối tượng','nan','Hồng Đức','2009','https://bookworm.vnu.edu.vn/ViewEImage.ashx?id=27072'),('INT2204',90,'Lập trình hướng đối tượng với Java. (Tái bản lần 1 có hiệu chỉnh và bổ sung)','https://bookworm.vnu.edu.vn/EDetail.aspx?id=169109&f=nhande&v=L%u1eadp+tr%u00ecnh+h%u01b0%u1edbng+%u0111%u1ed1i+t%u01b0%u1ee3ng','Lập trình hướng đối tượng','Đoàn, Văn Ban','Khoa học và Kỹ thuật','2005','https://bookworm.vnu.edu.vn/ViewEImage.ashx?id=169109'),('INT2204',91,'Lập trình hướng đối tượng với Java. (Tái bản lần 1, có hiệu chỉnh và bổ sung)','https://bookworm.vnu.edu.vn/EDetail.aspx?id=169057&f=nhande&v=L%u1eadp+tr%u00ecnh+h%u01b0%u1edbng+%u0111%u1ed1i+t%u01b0%u1ee3ng','Lập trình hướng đối tượng','Đoàn, Văn Ban','Khoa học và Kỹ thuật','2005','https://bookworm.vnu.edu.vn/ViewEImage.ashx?id=169057'),('INT2204',92,'Kỹ thuật và thủ thuật lập trình hướng đối tượng PHP: Khái niệm, kỹ thuật và viết mã. Tập 2','https://bookworm.vnu.edu.vn/EDetail.aspx?id=36769&f=nhande&v=L%u1eadp+tr%u00ecnh+h%u01b0%u1edbng+%u0111%u1ed1i+t%u01b0%u1ee3ng','Lập trình hướng đối tượng','Nguyễn, Minh ; Lương, Phúc','Hồng Đức','2011','https://bookworm.vnu.edu.vn/ViewEImage.ashx?id=36769'),('INT2204',93,'Kỹ thuật và thủ thuật lập trình hướng đối tượng PHP: Khái niệm, kỹ thuật và viết mã. Tập 1','https://bookworm.vnu.edu.vn/EDetail.aspx?id=36775&f=nhande&v=L%u1eadp+tr%u00ecnh+h%u01b0%u1edbng+%u0111%u1ed1i+t%u01b0%u1ee3ng','Lập trình hướng đối tượng','Nguyễn, Minh ; Lương, Phúc','Hồng Đức','2011','https://bookworm.vnu.edu.vn/ViewEImage.ashx?id=36775'),('INT2204',94,'Bài tập lập trình hướng đối tượng với C++ : bài tập mẫu, câu hỏi trắc nghiệm, bài tập tự giải','https://bookworm.vnu.edu.vn/EDetail.aspx?id=24962&f=nhande&v=L%u1eadp+tr%u00ecnh+h%u01b0%u1edbng+%u0111%u1ed1i+t%u01b0%u1ee3ng','Lập trình hướng đối tượng','Nguyễn Thanh ThủyTạ, Anh TuấnNguyễn, Quang HuyNguyễn, Hữu Đức','Khoa học Kỹ thuật','2001','https://bookworm.vnu.edu.vn/ViewEImage.ashx?id=24962'),('INT2204',264,'nan','https://daotao.vnu.edu.vn/dkmh/default.asp/../../DeCuong/2/LapTrinhHuongDoiTuong.pdf','Lập trình hướng đối tượng','nan','nan','nan','nan'),('INT2205',167,'Kiến trúc máy tính','https://bookworm.vnu.edu.vn/Results.aspx?f=nhande&v=Kiến trúc máy tính','Kiến trúc máy tính','Nguyễn, Đình Việt','Giáo dục','2000','https://bookworm.vnu.edu.vn/ViewEImage.ashx?id=30026'),('INT3117',252,'nan','https://daotao.vnu.edu.vn/dkmh/default.asp/../../DeCuong/2/KiemThu va dam bao chat luong PhanMem.pdf','Kiểm thử và đảm bảo chất lượng phần mềm','nan','nan','nan','nan'),('INT3121',217,'nan','https://daotao.vnu.edu.vn/dkmh/default.asp/../../DeCuong/2/Cac chuyen de KHMT_vi.pdf','Các chuyên đề trong Khoa học Máy tính','nan','nan','nan','nan'),('INT3131',236,'nan','nan','Dự án khoa học','nan','nan','nan','nan'),('INT3132',235,'nan','nan','Dự án công nghệ','nan','nan','nan','nan'),('INT3206',227,'nan','https://daotao.vnu.edu.vn/dkmh/default.asp/../../DeCuong/2/3206.CSDLPT.pdf','Cơ sở dữ liệu phân tán','nan','nan','nan','nan'),('INT3213',281,'nan','https://daotao.vnu.edu.vn/dkmh/default.asp/../../DeCuong/2/3213.NhapMon_ATTT.pdf','Nhập môn an toàn thông tin','nan','nan','nan','nan'),('INT3217',28,'Hợp ngữ và lập trình hệ thống : tài liệu lưu hành nội bộ','https://bookworm.vnu.edu.vn/Results.aspx?f=nhande&v=Lập trình hệ thống','Lập trình hệ thống','Nguyễn Đình Việt','H. : ĐHQG HN','1998','https://bookworm.vnu.edu.vn/ViewEImage.ashx?id=24801'),('INT3301',306,'nan','https://daotao.vnu.edu.vn/dkmh/default.asp/../../DeCuong/2/Thuc hanh HDH mang.pdf','Thực hành hệ điều hành mạng','nan','nan','nan','nan'),('INT3303',273,'nan','https://daotao.vnu.edu.vn/dkmh/default.asp/../../DeCuong/2/Mang Khong Day_vi.pdf','Mạng không dây','nan','nan','nan','nan'),('INT3306',11,'Giáo trình phát triển ứng dụng Web','https://bookworm.vnu.edu.vn/Results.aspx?f=nhande&v=Phát triển ứng dụng Web','Phát triển ứng dụng Web','Lê, Đình Thanh; Nguyễn, Việt Anh','Đại học quốc gia Hà Nội','2019','https://bookworm.vnu.edu.vn/ViewEImage.ashx?id=37448'),('INT3306',286,'nan','https://daotao.vnu.edu.vn/dkmh/default.asp/../../DeCuong/2/Phat trien ung dung web_vi.pdf','Phát triển ứng dụng Web','nan','nan','nan','nan'),('INT3401',124,'Trí tuệ nhân tạo','https://bookworm.vnu.edu.vn/EDetail.aspx?id=24746&f=nhande&v=Tr%u00ed+tu%u1ec7+nh%u00e2n+t%u1ea1o','Trí tuệ nhân tạo','Đinh, Mạnh Tường','H. : KHKT','2002','https://bookworm.vnu.edu.vn/ViewEImage.ashx?id=24746'),('INT3401',125,'Trí tuệ nhân tạo','https://bookworm.vnu.edu.vn/EDetail.aspx?id=27092&f=nhande&v=Tr%u00ed+tu%u1ec7+nh%u00e2n+t%u1ea1o','Trí tuệ nhân tạo','Đinh, Mạnh Tường','Khoa học kỹ thuật','2002','https://bookworm.vnu.edu.vn/ViewEImage.ashx?id=27092'),('INT3401',126,'Trí tuệ nhân tạo trong marketing','https://bookworm.vnu.edu.vn/EDetail.aspx?id=167596&f=nhande&v=Tr%u00ed+tu%u1ec7+nh%u00e2n+t%u1ea1o','Trí tuệ nhân tạo','King, Katie','Công thương','2020','https://bookworm.vnu.edu.vn/ViewEImage.ashx?id=167596'),('INT3401',127,'Nhập môn trí tuệ nhân tạo','https://bookworm.vnu.edu.vn/EDetail.aspx?id=26283&f=nhande&v=Tr%u00ed+tu%u1ec7+nh%u00e2n+t%u1ea1o','Trí tuệ nhân tạo','Đinh, Mạnh Tường','Đại học Quốc gia Hà Nội','1999','https://bookworm.vnu.edu.vn/ViewEImage.ashx?id=26283'),('INT3401',128,'Trí tuệ nhân tạo: các phương pháp và ứng dụng','https://bookworm.vnu.edu.vn/EDetail.aspx?id=169077&f=nhande&v=Tr%u00ed+tu%u1ec7+nh%u00e2n+t%u1ea1o','Trí tuệ nhân tạo','Bạch, Hưng Khang','Khoa học và Kỹ thuật','1989','https://bookworm.vnu.edu.vn/ViewEImage.ashx?id=169077'),('INT3401',129,'Life 3.0 : Loài người trong kỷ nguyên trí tuệ nhân tạo','https://bookworm.vnu.edu.vn/EDetail.aspx?id=38156&f=nhande&v=Tr%u00ed+tu%u1ec7+nh%u00e2n+t%u1ea1o','Trí tuệ nhân tạo','Tegmark, Max','Thế giới ; Công ty Sách Alpha','2019','https://bookworm.vnu.edu.vn/ViewEImage.ashx?id=38156'),('INT3401',130,'Trí tuệ nhân tạo với pháp luật về quyền con người. (Sách tham khảo)','https://bookworm.vnu.edu.vn/EDetail.aspx?id=43369&f=nhande&v=Tr%u00ed+tu%u1ec7+nh%u00e2n+t%u1ea1o','Trí tuệ nhân tạo','nan','Tư pháp','2019','https://bookworm.vnu.edu.vn/ViewEImage.ashx?id=43369'),('INT3401',131,'Chiến lược Digital Marketing trong kỷ nguyên trí tuệ nhân tạo = Digital marketing in AI world','https://bookworm.vnu.edu.vn/EDetail.aspx?id=171712&f=nhande&v=Tr%u00ed+tu%u1ec7+nh%u00e2n+t%u1ea1o','Trí tuệ nhân tạo','Vallaeys, Frederick','Lao động','2020','https://bookworm.vnu.edu.vn/ViewEImage.ashx?id=171712'),('INT3401',132,'Trí tuệ nhân tạo : minh họa sinh động bằng tranh - Dẫn nhập ngắn về khoa học','https://bookworm.vnu.edu.vn/EDetail.aspx?id=80740&f=nhande&v=Tr%u00ed+tu%u1ec7+nh%u00e2n+t%u1ea1o','Trí tuệ nhân tạo','Brighton, Henry ; Selina, Howard','Dân trí','2020','https://bookworm.vnu.edu.vn/ViewEImage.ashx?id=80740'),('INT3401',133,'Trí tuệ nhân tạo: Các phương pháp giải quyết vấn đề và kỹ thuật xử lý tri thức','https://bookworm.vnu.edu.vn/EDetail.aspx?id=40894&f=nhande&v=Tr%u00ed+tu%u1ec7+nh%u00e2n+t%u1ea1o','Trí tuệ nhân tạo','Nguyễn, Thanh Thủy','Giáo dục','1997','https://bookworm.vnu.edu.vn/ViewEImage.ashx?id=40894'),('INT3401',134,'AI trong marketing: Trí tuệ nhân tạo đã thay đổi ngành quảng cáo, dịch vụ và bán hàng như thế nào?','https://bookworm.vnu.edu.vn/EDetail.aspx?id=171716&f=nhande&v=Tr%u00ed+tu%u1ec7+nh%u00e2n+t%u1ea1o','Trí tuệ nhân tạo','Gentsch, Peter','Lao động','2020','https://bookworm.vnu.edu.vn/ViewEImage.ashx?id=171716'),('INT3401',135,'Chạy đua với robot: Học tập thời trí tuệ nhân tạo = Robot-proof : higher education in the age of artificial intelligence','https://bookworm.vnu.edu.vn/EDetail.aspx?id=77889&f=nhande&v=Tr%u00ed+tu%u1ec7+nh%u00e2n+t%u1ea1o','Trí tuệ nhân tạo','Aoun, Joseph E.','Thế giới','2019','https://bookworm.vnu.edu.vn/ViewEImage.ashx?id=77889'),('INT3401',136,'Huyễn tưởng về trí tuệ nhân tạo : Bất cứ thứ gì -> Hộp đen -> Điều vô nghĩa = The AI delusion','https://bookworm.vnu.edu.vn/EDetail.aspx?id=168746&f=nhande&v=Tr%u00ed+tu%u1ec7+nh%u00e2n+t%u1ea1o','Trí tuệ nhân tạo','Smith, Gary','Thế giới','2021','https://bookworm.vnu.edu.vn/ViewEImage.ashx?id=168746'),('INT3401',137,'AI - Trí tuệ nhân tạo: 101 điều cần biết về tương lai = Artificial intelligence :101 things you must know today about our future','https://bookworm.vnu.edu.vn/EDetail.aspx?id=168741&f=nhande&v=Tr%u00ed+tu%u1ec7+nh%u00e2n+t%u1ea1o','Trí tuệ nhân tạo','Rouhiainen, Lasse','Kim Đồng','2021','https://bookworm.vnu.edu.vn/ViewEImage.ashx?id=168741'),('INT3401',138,'Bản thiết kế trí tuệ = How to create a mind : Giải mã sự hình thành tư duy của con người, hiểu về trí tuệ nhân tạo & dự báo tương lai','https://bookworm.vnu.edu.vn/EDetail.aspx?id=78074&f=nhande&v=Tr%u00ed+tu%u1ec7+nh%u00e2n+t%u1ea1o','Trí tuệ nhân tạo','Kurzweil, Ray','Thế giới; Công ty Sách Alpha','2020','https://bookworm.vnu.edu.vn/ViewEImage.ashx?id=78074'),('INT3403',209,'nan','https://daotao.vnu.edu.vn/dkmh/default.asp/../../DeCuong/2/Do hoa may tinh_vi.pdf','Đồ họa máy tính','nan','nan','nan','nan'),('INT3407',12,'Nhập môn tin sinh học','https://bookworm.vnu.edu.vn/Results.aspx?f=nhande&v=Tin sinh học','Tin sinh học','Lê, Sỹ Vinh','Đại học Quốc gia Hà Nội','2014','https://bookworm.vnu.edu.vn/ViewEImage.ashx?id=35149'),('INT4002',308,'nan','nan','Thực tập doanh nghiệp','nan','nan','nan','nan'),('MAT1041',238,'nan','https://daotao.vnu.edu.vn/dkmh/default.asp/../../DeCuong/2/MAT1041_Giai tich 1.pdf','Giải tích 1','nan','nan','nan','nan'),('MAT1042',239,'nan','https://daotao.vnu.edu.vn/dkmh/default.asp/../../DeCuong/2/Giai tich 2_vi.pdf','Giải tích 2','nan','nan','nan','nan'),('MAT1093',212,'nan','https://daotao.vnu.edu.vn/dkmh/default.asp/../../DeCuong/2/1093 ban hanh.pdf','Đại số','nan','nan','nan','nan'),('MAT1100',173,'Giáo trình tối ưu hóa','https://bookworm.vnu.edu.vn/EDetail.aspx?id=27504&f=nhande&v=T%u1ed1i+%u01b0u+h%u00f3a','Tối ưu hóa','Hoàng, Xuân Huấn ; Đỗ, Đức Đông','Đại học Quốc gia Hà Nội','2018','https://bookworm.vnu.edu.vn/ViewEImage.ashx?id=27504'),('MAT1100',174,'Bài giảng Tối ưu hóa','https://bookworm.vnu.edu.vn/EDetail.aspx?id=151993&f=nhande&v=T%u1ed1i+%u01b0u+h%u00f3a','Tối ưu hóa','nan','Đại học Kinh tế Quốc dân','2020','https://bookworm.vnu.edu.vn/ViewEImage.ashx?id=151993'),('MAT1100',175,'Lý thuyết  Bài tập  Bài giải quy hoạch tuyến tính (Tối ưu hoá)','https://bookworm.vnu.edu.vn/EDetail.aspx?id=30966&f=nhande&v=T%u1ed1i+%u01b0u+h%u00f3a','Tối ưu hóa','Lê, Khánh Luận  ; Lê, Thị Phương Ngọc','Đại học Quốc gia Hà Nội','2012','https://bookworm.vnu.edu.vn/ViewEImage.ashx?id=30966'),('MAT1100',176,'Tối ưu hóa quản trị tri thức số: Chính phủ-Doanh nghiệp-Thư viện','https://bookworm.vnu.edu.vn/EDetail.aspx?id=35527&f=nhande&v=T%u1ed1i+%u01b0u+h%u00f3a','Tối ưu hóa','nan','Đại học Quốc Gia Hà Nội','2019','https://bookworm.vnu.edu.vn/ViewEImage.ashx?id=35527'),('MAT1100',177,'OKRs : tối ưu hóa hiệu suất của bất kỳ đội nhóm nào = High output management','https://bookworm.vnu.edu.vn/EDetail.aspx?id=162821&f=nhande&v=T%u1ed1i+%u01b0u+h%u00f3a','Tối ưu hóa','Grove, Andrew S.','Công thương  ; Công ty Sách Alpha','2022','https://bookworm.vnu.edu.vn/ViewEImage.ashx?id=162821'),('MAT1100',178,'Tối ưu hóa tập lệnh trong thiết kế ASIP = instruction set optimization in designing ASIP : Sách chuyên khảo','https://bookworm.vnu.edu.vn/EDetail.aspx?id=25818&f=nhande&v=T%u1ed1i+%u01b0u+h%u00f3a','Tối ưu hóa','Nguyễn, Ngọc Bình','Đại học Quốc Gia Hà Nội','2017','https://bookworm.vnu.edu.vn/ViewEImage.ashx?id=25818'),('MAT1100',179,'Khởi nghiệp thông minh = Smart up : Bí quyết tối ưu hoá hệ thống vận hành từ khi khởi nghiệp','https://bookworm.vnu.edu.vn/EDetail.aspx?id=171078&f=nhande&v=T%u1ed1i+%u01b0u+h%u00f3a','Tối ưu hóa','Ngô, Công Trường','Công thương ; Công ty Sách Alpha','2019','https://bookworm.vnu.edu.vn/ViewEImage.ashx?id=171078'),('MAT1100',180,'Tối ưu hoá môi trường làm việc trong Răng Hàm Mặt : sách dùng cho sinh viên Răng Hàm Mặt','https://bookworm.vnu.edu.vn/EDetail.aspx?id=172402&f=nhande&v=T%u1ed1i+%u01b0u+h%u00f3a','Tối ưu hóa','nan','Giáo dục Việt Nam','2021','https://bookworm.vnu.edu.vn/ViewEImage.ashx?id=172402'),('MAT1101',16,'Xác suất thống kê','https://bookworm.vnu.edu.vn/EDetail.aspx?id=27528&f=nhande&v=X%u00e1c+su%u1ea5t+th%u1ed1ng+k%u00ea','Xác suất thống kê','Đào, Hữu Hồ','Đại học Quốc gia Hà Nội','2006','https://bookworm.vnu.edu.vn/ViewEImage.ashx?id=27528'),('MAT1101',17,'Giáo trình xác suất thống kê (In lần 4)','https://bookworm.vnu.edu.vn/EDetail.aspx?id=149615&f=nhande&v=X%u00e1c+su%u1ea5t+th%u1ed1ng+k%u00ea','Xác suất thống kê','Tống, Đình Quỳ','Đại học Quốc gia Hà Nội','2004','https://bookworm.vnu.edu.vn/ViewEImage.ashx?id=149615'),('MAT1101',18,'Xác suất thống kê trong vật lý hạt nhân','https://bookworm.vnu.edu.vn/EDetail.aspx?id=163471&f=nhande&v=X%u00e1c+su%u1ea5t+th%u1ed1ng+k%u00ea','Xác suất thống kê','nan','Đại học Quốc gia Hà Nội','2021','https://bookworm.vnu.edu.vn/ViewEImage.ashx?id=163471'),('MAT1101',19,'Hướng dẫn giải các bài toán xác suất thống kê','https://bookworm.vnu.edu.vn/EDetail.aspx?id=29272&f=nhande&v=X%u00e1c+su%u1ea5t+th%u1ed1ng+k%u00ea','Xác suất thống kê','Đào, Hữu Hồ','Đại học Quốc gia Hà Nội','2004','https://bookworm.vnu.edu.vn/ViewEImage.ashx?id=29272'),('MAT1101',20,'Hướng dẫn giải các bài toán xác suất  thống kê','https://bookworm.vnu.edu.vn/EDetail.aspx?id=29667&f=nhande&v=X%u00e1c+su%u1ea5t+th%u1ed1ng+k%u00ea','Xác suất thống kê','Đào, Hữu Hồ','Đại học Quốc gia Hà Nội','2006','https://bookworm.vnu.edu.vn/ViewEImage.ashx?id=29667'),('MAT1101',21,'Hướng dẫn giải các bài toán xác suất thống kê','https://bookworm.vnu.edu.vn/EDetail.aspx?id=32668&f=nhande&v=X%u00e1c+su%u1ea5t+th%u1ed1ng+k%u00ea','Xác suất thống kê','Đào, Hữu Hồ','Đại học Quốc gia Hà Nội','2009','https://bookworm.vnu.edu.vn/ViewEImage.ashx?id=32668'),('MAT1101',22,'Thống kê xã hội học : Xác suất thống kê B','https://bookworm.vnu.edu.vn/EDetail.aspx?id=26154&f=nhande&v=X%u00e1c+su%u1ea5t+th%u1ed1ng+k%u00ea','Xác suất thống kê','Đào Hữu Hồ','Đại học Quốc Gia Hà Nội','2003','https://bookworm.vnu.edu.vn/ViewEImage.ashx?id=26154'),('MAT1101',23,'Xác suất thống kê trong xử lý số liệu hạt nhân','https://bookworm.vnu.edu.vn/EDetail.aspx?id=22867&f=nhande&v=X%u00e1c+su%u1ea5t+th%u1ed1ng+k%u00ea','Xác suất thống kê','Bùi, Văn Loát','H.: Trường Đại học Khoa học Tự nhiên','2000','https://bookworm.vnu.edu.vn/ViewEImage.ashx?id=22867'),('MAT1101',24,'Giáo trình xác suất thống kê và quá trình ngẫu nhiên','https://bookworm.vnu.edu.vn/EDetail.aspx?id=150975&f=nhande&v=X%u00e1c+su%u1ea5t+th%u1ed1ng+k%u00ea','Xác suất thống kê','nan','Đại học Quốc gia Hà Nội','2020','https://bookworm.vnu.edu.vn/ViewEImage.ashx?id=150975'),('MAT1101',25,'Hướng dẫn giải các bài toán xác suất  thống kê (in lần thứ 5)','https://bookworm.vnu.edu.vn/EDetail.aspx?id=29043&f=nhande&v=X%u00e1c+su%u1ea5t+th%u1ed1ng+k%u00ea','Xác suất thống kê','Đào, Hữu Hồ','Đại học Quốc gia Hà Nội','2009','https://bookworm.vnu.edu.vn/ViewEImage.ashx?id=29043'),('MAT1101',26,'Xác suất thống kê (In lần thứ VI có sửa chữa và bổ sung)','https://bookworm.vnu.edu.vn/EDetail.aspx?id=27736&f=nhande&v=X%u00e1c+su%u1ea5t+th%u1ed1ng+k%u00ea','Xác suất thống kê','Đào, Hữu Hồ','Đại học Quốc gia Hà Nội','2001','https://bookworm.vnu.edu.vn/ViewEImage.ashx?id=27736'),('MAT1101',333,'nan','https://daotao.vnu.edu.vn/dkmh/default.asp/../../DeCuong/2/Xac xuat thong ke.pdf','Xác suất thống kê','nan','nan','nan','nan'),('POL1001',98,'Hỏi - đáp môn tư tưởng Hồ Chí Minh','https://bookworm.vnu.edu.vn/EDetail.aspx?id=28336&f=nhande&v=T%u01b0+t%u01b0%u1edfng+H%u1ed3+Ch%u00ed+Minh','Tư tưởng Hồ Chí Minh','Hoàng, Trang ; Nguyễn, Thị Kim Dung','Đại học Quốc gia Hà Nội','2005','https://bookworm.vnu.edu.vn/ViewEImage.ashx?id=28336'),('POL1001',99,'Tư tưởng Hồ Chí Minh về đạo đức','https://bookworm.vnu.edu.vn/EDetail.aspx?id=63742&f=nhande&v=T%u01b0+t%u01b0%u1edfng+H%u1ed3+Ch%u00ed+Minh','Tư tưởng Hồ Chí Minh','nan','Ban Tư tưởng Văn hóa Trung Ương','2005','https://bookworm.vnu.edu.vn/ViewEImage.ashx?id=63742'),('POL1001',100,'Tư tưởng Hồ Chí Minh : Tập bài giảng. (In lần 2)','https://bookworm.vnu.edu.vn/EDetail.aspx?id=27230&f=nhande&v=T%u01b0+t%u01b0%u1edfng+H%u1ed3+Ch%u00ed+Minh','Tư tưởng Hồ Chí Minh','nan','Đại học Quốc gia Hà Nội','2004','https://bookworm.vnu.edu.vn/ViewEImage.ashx?id=27230'),('POL1001',101,'Tư tưởng Hồ Chí Minh về Đảng Cộng sản Việt Nam','https://bookworm.vnu.edu.vn/EDetail.aspx?id=78405&f=nhande&v=T%u01b0+t%u01b0%u1edfng+H%u1ed3+Ch%u00ed+Minh','Tư tưởng Hồ Chí Minh','Mạch, Quang Thắng','Chính trị Quốc Gia','1995','https://bookworm.vnu.edu.vn/ViewEImage.ashx?id=78405'),('POL1001',102,'Sự hình thành về cơ bản Tư tưởng Hồ Chí Minh','https://bookworm.vnu.edu.vn/EDetail.aspx?id=75758&f=nhande&v=T%u01b0+t%u01b0%u1edfng+H%u1ed3+Ch%u00ed+Minh','Tư tưởng Hồ Chí Minh','Trần, Văn Giàu','Chính trị quốc gia','1997','https://bookworm.vnu.edu.vn/ViewEImage.ashx?id=75758'),('POL1001',103,'Giáo trình tư tưởng Hồ Chí Minh : dành cho sinh viên đại học, cao đẳng khối không chuyên ngành Mác - Lênin, tư tưởng Hồ Chí Minh','https://bookworm.vnu.edu.vn/EDetail.aspx?id=23865&f=nhande&v=T%u01b0+t%u01b0%u1edfng+H%u1ed3+Ch%u00ed+Minh','Tư tưởng Hồ Chí Minh','nan','CTQG','2015','https://bookworm.vnu.edu.vn/ViewEImage.ashx?id=23865'),('POL1001',104,'Giáo trình tư tưởng Hồ Chí Minh : dành cho sinh viên đại học, cao đẳng khối không chuyên ngành Mác - Lênin, tư tưởng Hồ Chí Minh','https://bookworm.vnu.edu.vn/EDetail.aspx?id=147218&f=nhande&v=T%u01b0+t%u01b0%u1edfng+H%u1ed3+Ch%u00ed+Minh','Tư tưởng Hồ Chí Minh','nan','Chính trị Quốc gia Hà Nội','2009','https://bookworm.vnu.edu.vn/ViewEImage.ashx?id=147218'),('POL1001',105,'Hỏi - Đáp môn Tư tưởng Hồ Chí Minh : Dành cho sinh viên đại học, cao đẳng khối không chuyên Ngành Mác - Lênin, Tư tưởng Hồ Chí Minh','https://bookworm.vnu.edu.vn/EDetail.aspx?id=26217&f=nhande&v=T%u01b0+t%u01b0%u1edfng+H%u1ed3+Ch%u00ed+Minh','Tư tưởng Hồ Chí Minh','Cao, Văn Liên','Đại học Quốc gia Hà Nội','2010','https://bookworm.vnu.edu.vn/ViewEImage.ashx?id=26217'),('POL1001',106,'Góp phần tìm hiểu cuộc đời và tư tưởng Hồ Chí Minh','https://bookworm.vnu.edu.vn/EDetail.aspx?id=35054&f=nhande&v=T%u01b0+t%u01b0%u1edfng+H%u1ed3+Ch%u00ed+Minh','Tư tưởng Hồ Chí Minh','Đinh, Xuân Lâm','Chính trị Quốc gia','2005','https://bookworm.vnu.edu.vn/ViewEImage.ashx?id=35054'),('POL1001',107,'Hỏi và đáp môn học tư tưởng Hồ Chí Minh : dành cho sinh viên đại học, cao đẳng khối không chuyên ngành Mác-Lênin, tư tưởng Hồ Chí Minh','https://bookworm.vnu.edu.vn/EDetail.aspx?id=24191&f=nhande&v=T%u01b0+t%u01b0%u1edfng+H%u1ed3+Ch%u00ed+Minh','Tư tưởng Hồ Chí Minh','nan','CTQG','2010','https://bookworm.vnu.edu.vn/ViewEImage.ashx?id=24191'),('POL1001',108,'Tư tưởng Hồ Chí Minh về phát triển văn hoá và con người','https://bookworm.vnu.edu.vn/EDetail.aspx?id=55409&f=nhande&v=T%u01b0+t%u01b0%u1edfng+H%u1ed3+Ch%u00ed+Minh','Tư tưởng Hồ Chí Minh','nan','Chính trị Quốc gia','2005','https://bookworm.vnu.edu.vn/ViewEImage.ashx?id=55409'),('POL1001',109,'Tư tưởng Hồ Chí Minh về phát triển văn hóa và con người','https://bookworm.vnu.edu.vn/EDetail.aspx?id=63745&f=nhande&v=T%u01b0+t%u01b0%u1edfng+H%u1ed3+Ch%u00ed+Minh','Tư tưởng Hồ Chí Minh','nan','Chính trị Quốc gia','2005','https://bookworm.vnu.edu.vn/ViewEImage.ashx?id=63745'),('POL1001',110,'Tư tưởng Hồ Chí Minh về kiểm tra, giám sát, kỷ luật Đảng','https://bookworm.vnu.edu.vn/EDetail.aspx?id=33106&f=nhande&v=T%u01b0+t%u01b0%u1edfng+H%u1ed3+Ch%u00ed+Minh','Tư tưởng Hồ Chí Minh','nan','Chính trị Quốc gia','2011','https://bookworm.vnu.edu.vn/ViewEImage.ashx?id=33106'),('POL1001',111,'Tư tưởng Hồ Chí Minh về đào tạo và sử dụng cán bộ','https://bookworm.vnu.edu.vn/EDetail.aspx?id=23936&f=nhande&v=T%u01b0+t%u01b0%u1edfng+H%u1ed3+Ch%u00ed+Minh','Tư tưởng Hồ Chí Minh','Phạm, Quốc Thành','H.:ĐHQG HN','2013','https://bookworm.vnu.edu.vn/ViewEImage.ashx?id=23936'),('POL1001',112,'Tư tưởng Hồ Chí Minh về tôn giáo và công tác tôn giáo','https://bookworm.vnu.edu.vn/EDetail.aspx?id=63065&f=nhande&v=T%u01b0+t%u01b0%u1edfng+H%u1ed3+Ch%u00ed+Minh','Tư tưởng Hồ Chí Minh','nan','Tôn giáo','2003','https://bookworm.vnu.edu.vn/ViewEImage.ashx?id=63065'),('POL1001',113,'79 Câu hỏi và gợi ý trả lời về môn học tư tưởng Hồ Chí Mình','https://bookworm.vnu.edu.vn/EDetail.aspx?id=31883&f=nhande&v=T%u01b0+t%u01b0%u1edfng+H%u1ed3+Ch%u00ed+Minh','Tư tưởng Hồ Chí Minh','Đỗ, Quang Ân','Hồng Đức','2015','https://bookworm.vnu.edu.vn/ViewEImage.ashx?id=31883'),('POL1001',114,'Nguyên tắc thống nhất giữa dân tộc, giai cấp và nhân loại trong tư tưởng Hồ Chí Minh','https://bookworm.vnu.edu.vn/EDetail.aspx?id=62974&f=nhande&v=T%u01b0+t%u01b0%u1edfng+H%u1ed3+Ch%u00ed+Minh','Tư tưởng Hồ Chí Minh','Lương, Thùy Liên','Chính trị Quốc gia','2010','https://bookworm.vnu.edu.vn/ViewEImage.ashx?id=62974'),('POL1001',115,'Tư tưởng Hồ Chí Minh về xây dựng và phát triển nền văn hóa mới ở Việt Nam','https://bookworm.vnu.edu.vn/EDetail.aspx?id=63746&f=nhande&v=T%u01b0+t%u01b0%u1edfng+H%u1ed3+Ch%u00ed+Minh','Tư tưởng Hồ Chí Minh','Đỗ, Huy','Khoa học xã hội','2000','https://bookworm.vnu.edu.vn/ViewEImage.ashx?id=63746'),('POL1001',116,'Giáo trình tư tưởng Hồ Chí Minh : Dành cho bậc đại học hệ không chuyên lý luận chính trị','https://bookworm.vnu.edu.vn/EDetail.aspx?id=162744&f=nhande&v=T%u01b0+t%u01b0%u1edfng+H%u1ed3+Ch%u00ed+Minh','Tư tưởng Hồ Chí Minh','nan','Chính trị Quốc gia Sự thật','2021','https://bookworm.vnu.edu.vn/ViewEImage.ashx?id=162744'),('POL1001',117,'Tư tưởng Hồ Chí Minh về đối ngoại và sự vận dụng của Đảng trong thời kỳ đổi mới','https://bookworm.vnu.edu.vn/EDetail.aspx?id=163574&f=nhande&v=T%u01b0+t%u01b0%u1edfng+H%u1ed3+Ch%u00ed+Minh','Tư tưởng Hồ Chí Minh','Đinh, Xuân Lý','Chính trị Quốc gia','2005','https://bookworm.vnu.edu.vn/ViewEImage.ashx?id=163574'),('POL1001',301,'nan','nan','Tư tưởng Hồ Chí Minh','nan','nan','nan','nan');
/*!40000 ALTER TABLE `studymaterials` ENABLE KEYS */;
UNLOCK TABLES;

--
-- Table structure for table `takes`
--

DROP TABLE IF EXISTS `takes`;
/*!40101 SET @saved_cs_client     = @@character_set_client */;
/*!50503 SET character_set_client = utf8mb4 */;
CREATE TABLE `takes` (
  `studentID` varchar(10) NOT NULL,
  `courseID` varchar(10) NOT NULL,
  `sectionID` varchar(10) NOT NULL,
  PRIMARY KEY (`studentID`,`courseID`,`sectionID`),
  KEY `courseIDofTakes_idx` (`courseID`,`sectionID`),
  CONSTRAINT `courseOfTakes` FOREIGN KEY (`courseID`, `sectionID`) REFERENCES `sections` (`courseID`, `sectionID`) ON DELETE CASCADE ON UPDATE CASCADE,
  CONSTRAINT `studentIDofTakes` FOREIGN KEY (`studentID`) REFERENCES `students` (`studentID`) ON DELETE CASCADE ON UPDATE CASCADE
) ENGINE=InnoDB DEFAULT CHARSET=utf8mb4 COLLATE=utf8mb4_0900_ai_ci;
/*!40101 SET character_set_client = @saved_cs_client */;

--
-- Dumping data for table `takes`
--

LOCK TABLES `takes` WRITE;
/*!40000 ALTER TABLE `takes` DISABLE KEYS */;
INSERT INTO `takes` VALUES ('20020995','INT2204','1'),('22028317','INT2204','1'),('21021461','INT2204','2'),('20021239','INT2204','20'),('20021054','INT2204','21'),('21020236','INT2204','22'),('20020148','INT2204','23'),('21020556','INT2204','24'),('20020792','INT2204','25'),('21020312','INT2204','25'),('20020016','INT3115','1'),('21020721','INT3115','1'),('20021296','INT3117','1'),('21020037','INT3117','1'),('21020203','INT3117','1'),('22021211','INT3117','1'),('20021157','INT3121','21'),('21021081','INT3132','1'),('21021328','INT3132','1'),('21021660','INT3132','20'),('20020507','INT3209','3'),('21020415','INT3301','1'),('21020159','INT3304','1'),('19021374','INT3306','1'),('21020642','INT3306','2'),('22022163','INT3306','2'),('19020103','INT3306','3'),('21020535','INT3306','3'),('21021070','INT3306','3'),('22028222','INT3306','3'),('20020436','INT3306','4'),('21020162','INT3307','1'),('21020801','INT3401','1'),('21021528','INT3401','1'),('20020982','INT3401','2'),('20020770','INT3401','20'),('20020046','INT3401','21'),('20021067','INT3401','21'),('17021088','INT3401','3'),('20020764','INT3401','3'),('21020204','INT3401','3'),('21020607','INT3401','3'),('20020096','INT3401','4'),('21020445','INT3401','5'),('21020427','INT3403','1'),('20021116','INT3403','2'),('20020027','INT3407','1'),('20020649','INT3407','1'),('21020345','INT3407','1'),('21021327','INT3507','1'),('21021502','INT3507','1'),('22025163','INT3507','2'),('20021478','INT3507','3'),('21021411','INT3507','3'),('22021100','INT3507','4'),('21020260','INT3507','5'),('22025159','INT3507','5'),('18020024','MAT1101','20'),('22025102','MAT1101','20'),('20020342','MAT1101','22'),('20020805','MAT1101','24'),('21020202','MAT1101','24'),('18020024','MAT1101','3'),('21020671','MAT1101','3'),('21021463','MAT1101','3'),('20020525','MAT1101','4'),('22025500','MAT1101','4'),('21020007','MAT1101','5');
/*!40000 ALTER TABLE `takes` ENABLE KEYS */;
UNLOCK TABLES;

--
-- Table structure for table `teachers`
--

DROP TABLE IF EXISTS `teachers`;
/*!40101 SET @saved_cs_client     = @@character_set_client */;
/*!50503 SET character_set_client = utf8mb4 */;
CREATE TABLE `teachers` (
  `teacherID` int NOT NULL AUTO_INCREMENT,
  `name` varchar(45) NOT NULL,
  `email` varchar(45) NOT NULL,
  `faculty` varchar(45) NOT NULL,
  `role` varchar(45) NOT NULL,
  PRIMARY KEY (`teacherID`)
) ENGINE=InnoDB AUTO_INCREMENT=99 DEFAULT CHARSET=utf8mb4 COLLATE=utf8mb4_0900_ai_ci;
/*!40101 SET character_set_client = @saved_cs_client */;

--
-- Dumping data for table `teachers`
--

LOCK TABLES `teachers` WRITE;
/*!40000 ALTER TABLE `teachers` DISABLE KEYS */;
INSERT INTO `teachers` VALUES (1,'GS.TS. Nguyễn Thanh Thủy','nguyenthanhthuy@vnu.edu.vn','Khoa học Máy tính','nan'),(2,'PGS.TS. Nguyễn Hải Châu','chaunh@vnu.edu.vn','Hệ thống Thông tin','nan'),(3,'PGS.TS. Lê Thanh Hà','ltha@vnu.edu.vn','PTN Tương tác Người-Máy','Trưởng Phòng thí nghiệm'),(5,'PGS.TS. Nguyễn Ngọc Hóa','hoa.nguyen@vnu.edu.vn','Hệ thống Thông tin','Chủ nhiệm Bộ môn'),(6,'PGS. TS. Hoàng Xuân Huấn','huanhx@vnu.edu.vn','Khoa học Máy tính','Nguyên Phó trưởng khoa CNTT'),(7,'PGS.TS. Phạm Ngọc Hùng','hungpn@vnu.edu.vn','Công nghệ Phần mềm','Phó Chủ nhiệm Khoa'),(8,'PGS.TS. Nguyễn Hoài Sơn','sonnh@vnu.edu.vn','Mạng và Truyền thông máy tính','Chủ nhiệm Bộ môn'),(9,'PGS.TS. Nguyễn Thị Nhật Thanh','thanhntn@vnu.edu.vn','PTN Tương tác Người-Máy','nan'),(10,'PGS.TS. Nguyễn Trí Thành','ntthanh@vnu.edu.vn','Hệ thống Thông tin','nan'),(11,'PGS. TS. Hà Quang Thụy','thuyhq@vnu.edu.vn','Công nghệ Tri thức','Nguyên Phó hiệu trưởng Trường ĐH Công nghệ'),(12,'PGS.TS. Lê Sỹ Vinh','vinhls@vnu.edu.vn','Khoa học và Kỹ thuật tính toán','Chủ nhiệm Khoa'),(13,'TS. Đặng Cao Cường','cuongdc@vnu.edu.vn','Khoa học và Kỹ thuật tính toán','nan'),(14,'TS. Tạ Việt Cường','cuongtv@vnu.edu.vn','PTN Tương tác Người-Máy','nan'),(15,'TS. Ma Thị Châu','chaumt@vnu.edu.vn','PTN Tương tác Người-Máy','nan'),(16,'TS. Trần Thị Minh Châu','chauttm@vnu.edu.vn','Khoa học Máy tính','nan'),(17,'TS. Ngô Thị Duyên','duyennt@vnu.edu.vn','PTN Tương tác Người-Máy','nan'),(18,'TS. Hoàng Thị Điệp','diepht@vnu.edu.vn','Khoa học và Kỹ thuật tính toán','Phó Chủ nhiệm Bộ môn'),(19,'TS. Đỗ Đức Đông','dongdoduc@vnu.edu.vn','Khoa học và Kỹ thuật tính toán','nan'),(20,'TS. Đặng Thanh Hải','hai.dang@vnu.edu.vn','Khoa học và Kỹ thuật tính toán','nan'),(21,'TS. Lê Hồng Hải','hailh@vnu.edu.vn','Hệ thống Thông tin','nan'),(22,'TS. Dư Phương Hạnh','hanhdp@vnu.edu.vn','Hệ thống Thông tin','nan'),(23,'TS. Đặng Đức Hạnh','hanhdd@vnu.edu.vn','Công nghệ Phần mềm','Phó Chủ nhiệm Bộ môn'),(24,'TS. Nguyễn Thị Hậu','nguyenhau@vnu.edu.vn','Hệ thống Thông tin','Phó Chủ nhiệm Bộ môn'),(25,'TS. Lê Quang Hiếu','hieulq@vnu.edu.vn','Khoa học Máy tính','nan'),(26,'PGS.TS. Trần Trọng Hiếu','hieutt@vnu.edu.vn','PTN Công nghệ Tri thức','Chủ tịch Công đoàn Khoa'),(27,'TS. Võ Đình Hiếu','hieuvd@vnu.edu.vn','Công nghệ Phần mềm','Phó Chủ nhiệm Khoa, Chủ nhiệm Bộ môn'),(28,'TS. Lê Thị Hợi','hoi_le@vnu.edu.vn','PTN An toàn Thông tin','nan'),(29,'TS. Tô Văn Khánh','khanhtv@vnu.edu.vn','PTN Hệ thống nhúng','Phó Phòng thí nghiệm'),(30,'TS. Lê Minh Khôi','khoilm@vnu.edu.vn','Khoa học Máy tính','nan'),(31,'TS. Lê Nguyên Khôi','khoi.n.le@vnu.edu.vn','Khoa học Máy tính','nan'),(32,'TS. Trần Trúc Mai','mai.tran@vnu.edu.vn','Mạng và Truyền thông máy tính','Phó Chủ nhiệm Bộ môn'),(33,'TS. Dương Lê Minh','minhdl@vnu.edu.vn','Mạng và Truyền thông máy tính','Phó Chủ nhiệm Khoa'),(34,'TS. Vũ Thị Hồng Nhạn','vthnhan@vnu.edu.vn','Công nghệ Phần mềm','nan'),(35,'TS. Hoàng Xuân Tùng','tunghx@vnu.edu.vn','Mạng và Truyền thông máy tính','nan'),(36,'TS. Lê Đình Thanh','thanhld@vnu.edu.vn','PTN An toàn Thông tin','nan'),(37,'TS. Nguyễn Đại Thọ','nguyendaitho@vnu.edu.vn','PTN An toàn Thông tin','nan'),(38,'TS. Lê Đức Trọng','trongld@vnu.edu.vn','Khoa học Máy tính','Phó Chủ nhiệm Bộ môn'),(39,'TS. Nguyễn Văn Vinh','vinhnv@vnu.edu.vn','Khoa học Máy tính','nan'),(40,'TS. Trần Mai Vũ','vutm@vnu.edu.vn','PTN Công nghệ Tri thức','nan'),(41,'TS. Nguyễn Ngọc Tân','tan.nguyen@vnu.edu.vn','Mạng và Truyền thông máy tính','nan'),(42,'TS. Nghiêm Nguyễn Việt Dũng','dung.nghiem@vnu.edu.vn','Khoa học và Kỹ thuật tính toán','nan'),(43,'ThS. Nguyễn Đức Anh','nguyenducanh@vnu.edu.vn','Công nghệ Phần mềm','nan'),(44,'ThS. Phạm Thị Mai Bảo','baoptm@vnu.edu.vn','Văn phòng Khoa','nan'),(45,'ThS. Cấn Duy Cát','catcd@vnu.edu.vn','PTN Công nghệ Tri thức','nan'),(46,'ThS. Đặng Minh Công','congdm@vnu.edu.vn','Mạng và Truyền thông máy tính','nan'),(47,'ThS. Vũ Bá Duy','duyvb@vnu.edu.vn','Hệ thống Thông tin','nan'),(48,'ThS. Ngô Lê Minh','minhnl@vnu.edu.vn','Mạng và Truyền thông máy tính','nan'),(49,'ThS. Phạm Cẩm Ngọc','ngocpc@vnu.edu.vn','Hệ thống Thông tin','nan'),(50,'ThS. Hồ Đắc Phương','phuonghd@vnu.edu.vn','Mạng và Truyền thông máy tính','nan'),(51,'TS. Lê Hoàng Quỳnh','lhquynh@vnu.edu.vn','PTN Công nghệ Tri thức','nan'),(52,'ThS. Nguyễn Việt Tân','tannv@vnu.edu.vn','Công nghệ Phần mềm','nan'),(53,'ThS. Nguyễn Thị Minh Thanh','thanhntm@vnu.edu.vn','Văn phòng Khoa','nan'),(54,'ThS. Đào Minh Thư','thudm@vnu.edu.vn','Mạng và Truyền thông máy tính','nan'),(55,'ThS. Nguyễn Thu Trang','trang.nguyen@vnu.edu.vn','Công nghệ Phần mềm','nan'),(56,'ThS. Hoàng Thị Ngọc Trang','tranghtn@vnu.edu.vn','Khoa học Máy tính','nan'),(57,'ThS. Nguyễn Thị Cẩm Vân','vanntc@vnu.edu.vn','PTN Công nghệ Tri thức','nan'),(58,'ThS. Vương Thị Hải Yến','yenvth@vnu.edu.vn','PTN Công nghệ Tri thức','nan'),(59,'ThS. Phạm Thị Quỳnh Trang','trangptq@vnu.edu.vn','PTN Công nghệ Tri thức','nan'),(60,'ThS. Trần Mạnh Cường','tranmanhcuong@vnu.edu.vn','Công nghệ Phần mềm','nan'),(61,'CN. Lê Bằng Giang','giangbang@vnu.edu.vn','PTN Tương tác Người-Máy','nan'),(62,'CN. Đào Minh Hải','haidaouet@vnu.edu.vn','Mạng và Truyền thông máy tính','nan'),(63,'ThS. Phan Đăng Trung Hiếu','hieupdt@vnu.edu.vn','Khoa học Máy tính','nan'),(64,'CN. Đỗ Minh Khá','khadm@vnu.edu.vn','Khoa học Máy tính','nan'),(65,'ThS. Kiều Hải Đăng','dangkh_uet@vnu.edu.vn','PTN Tương tác Người-Máy','nan'),(66,'ThS. Hoàng Đăng Kiên','kienhd1@vnu.edu.vn','PTN An toàn Thông tin','nan'),(67,'ThS. Lê Kiên','lkien@vnu.edu.vn','Công nghệ Phần mềm','nan'),(68,'ĐH. Nguyễn Tùng Lâm','tunglam@vnu.edu.vn','Công nghệ Phần mềm','nan'),(69,'ThS. Vương Thị Hồng','hongvt57@vnu.edu.vn','PTN Công nghệ Tri thức','nan'),(70,'CN. Hoàng Thị Linh','hoanglinh@vnu.edu.vn','PTN Tương tác Người-Máy','nan'),(71,'CN. Nguyễn Lan Hương','lanhuong1491@vnu.edu.vn','Văn phòng Khoa','nan'),(72,'CN. Nguyễn Hải Long','longnh@vnu.edu.vn','PTN Công nghệ Tri thức','nan'),(73,'ThS. Nguyễn Ngọc Quỳnh','nguyenngocquynh1997@vnu.edu.vn','Hệ thống Thông tin','nan'),(74,'CN. Nguyễn Huy Sơn','huyson@vnu.edu.vn','PTN Công nghệ Tri thức','nan'),(75,'CN. Trần Trường Thủy','truongthuyuet@vnu.edu.vn','Khoa học Máy tính','nan'),(76,'CN. Lê Công Thương','thuongle276@gmail.com','PTN Tương tác Người-Máy','nan'),(77,'ThS. Nguyễn Thị Thu Trang','trangngtt@vnu.edu.vn','PTN An toàn Thông tin','nan'),(78,'ThS. Ngô Xuân Trường','truonggnx@vnu.edu.vn','Khoa học Máy tính','nan'),(79,'PGS. TS. Bùi Thế Duy','duybt@vnu.edu.vn','PTN Tương tác Người-Máy','Thứ trưởng Bộ Khoa học và Công nghệ'),(80,'PGS. TS. Phạm Bảo Sơn','sonpb@vnu.edu.vn','PTN Tương tác Người-Máy','Phó Giám đốc Đại học Quốc gia Hà Nội'),(81,'PGS. TS. Nguyễn Việt Hà','hanv@vnu.edu.vn','Công nghệ Phần mềm','Nguyên Hiệu trưởng Trường ĐH Công nghệ'),(82,'PGS.TS. Hà Quang Thụy','thuyhq@vnu.edu.vn','PTN Tri thức','Nguyên Phó Hiệu trưởng Trường ĐH Công nghệ'),(83,'PGS. TS. Nguyễn Phương Thái','thainp@vnu.edu.vn','Khoa học Máy tính','Trưởng phòng Đào tạo'),(84,'TS. Bùi Ngọc Thăng','thangbn@vnu.edu.vn','Khoa học Máy tính','Trưởng phòng Tổ chức cán bộ'),(85,'PGS. TS. Trương Ninh Thuận','thuantn@vnu.edu.vn','Công nghệ Phần mềm','Viện phó Viện Hàng không vũ trụ'),(86,'TS. Trần Quốc Long','tqlong@vnu.edu.vn','Khoa học Máy tính','Viện trưởng Viện AI'),(87,'TS. Lê Phê Đô','dolp@vnu.edu.vn','Khoa học và Kỹ thuật Tính toán','nan'),(88,'PGS. TS. Nguyễn Ngọc Bình','nnbinh2019@gmail.com','Công nghệ Phần mềm','Nguyên Hiệu trưởng Trường ĐH Công nghệ'),(89,'TS. Nguyễn Cảnh Hoàng','hoangnc@vnu.edu.vn','Khoa học và Kỹ thuật Tính toán','nan'),(90,'PGS. TS. Hồ Sĩ Đàm','damhshoabinh@gmail.com','Mạng và TT Máy tính','Nguyên Trưởng khoa CNTT'),(91,'ThS. Đào Kiến Quốc','dkquoc@gmail.com','Công nghệ Phần mềm','nan'),(92,'ThS. Nguyễn Nam Hải','hainn@vnu.edu.vn','Mạng và TT Máy tính','nan'),(93,'TS. Nguyễn Tuệ','ntue@vnu.edu.vn','Các Hệ thống Thông tin','nan'),(94,'TS. Đặng Hữu Thịnh','thinhdh@vnu.edu.vn','Khoa học và Kỹ thuật Tính toán','nan'),(95,'PGS. TS. Nguyễn Đình Việt','vietnd@vnu.edu.vn','Hệ thống Nhúng','nan'),(96,'PGS. TS. Nguyễn Văn Vỵ','vynv@vnu.edu.vn','Công nghệ Phần mềm','nan'),(97,'PGS. Nguyễn Quốc Toản','toannq@vnu.edu.vn','Mạng và TT Máy tính','nan'),(98,'PGS. TS. Lê Minh Khanh','nan','Khoa học Máy tính','nan');
/*!40000 ALTER TABLE `teachers` ENABLE KEYS */;
UNLOCK TABLES;

--
-- Table structure for table `tooks`
--

DROP TABLE IF EXISTS `tooks`;
/*!40101 SET @saved_cs_client     = @@character_set_client */;
/*!50503 SET character_set_client = utf8mb4 */;
CREATE TABLE `tooks` (
  `studentID` varchar(10) NOT NULL,
  `courseID` varchar(10) NOT NULL,
  PRIMARY KEY (`studentID`,`courseID`),
  KEY `courseIDofTooks_idx` (`courseID`),
  CONSTRAINT `courseIDofTooks` FOREIGN KEY (`courseID`) REFERENCES `courses` (`courseID`) ON DELETE CASCADE ON UPDATE CASCADE,
  CONSTRAINT `studentIDofTooks` FOREIGN KEY (`studentID`) REFERENCES `students` (`studentID`) ON DELETE CASCADE ON UPDATE CASCADE
) ENGINE=InnoDB DEFAULT CHARSET=utf8mb4 COLLATE=utf8mb4_0900_ai_ci;
/*!40101 SET character_set_client = @saved_cs_client */;

--
-- Dumping data for table `tooks`
--

LOCK TABLES `tooks` WRITE;
/*!40000 ALTER TABLE `tooks` DISABLE KEYS */;
/*!40000 ALTER TABLE `tooks` ENABLE KEYS */;
UNLOCK TABLES;
/*!40103 SET TIME_ZONE=@OLD_TIME_ZONE */;

/*!40101 SET SQL_MODE=@OLD_SQL_MODE */;
/*!40014 SET FOREIGN_KEY_CHECKS=@OLD_FOREIGN_KEY_CHECKS */;
/*!40014 SET UNIQUE_CHECKS=@OLD_UNIQUE_CHECKS */;
/*!40101 SET CHARACTER_SET_CLIENT=@OLD_CHARACTER_SET_CLIENT */;
/*!40101 SET CHARACTER_SET_RESULTS=@OLD_CHARACTER_SET_RESULTS */;
/*!40101 SET COLLATION_CONNECTION=@OLD_COLLATION_CONNECTION */;
/*!40111 SET SQL_NOTES=@OLD_SQL_NOTES */;

-- Dump completed on 2023-12-05  9:48:07
